Backlog ID,Source Jira Key,Origin,Issue Type,Epic/Parent,Summary,Description,Priority,Story Points,Historical Status,Target Status,Transition Classification,Requirement,Target Component,Action / Delta,Suggested Phase,Dependencies,Labels
CFG-09,SCRUM-1059,LEGACY_JIRA,Tarea,,Alinear la PoC CFG-09 (concurrencia) con los valores de dominio del código y versionar su RPC real de QA,"*Origen:* SCRUM-1057 (normalización de dominios de MANI-QA, migración 007 en MANI-Flutter#25).

*Contexto:* 007 normaliza los datos de QA a MAYÚSCULA en español, que es lo que comparan 002–006 y la app. La PoC CFG-09 (SCRUM-926) conserva un dominio propio en inglés y quedó fuera a propósito:

* {{supabase/poc-cfg09/20_rpc_aceptar_solicitud.sql}}: la RPC y sus variantes de control comparan contra {{'pending'}} y escriben {{'assigned'}}.
* {{qa/k6/reset.sh}} y {{supabase/poc-cfg09/11_reset_solicitud.sql}} devuelven la solicitud a {{'pending'}}.
* {{supabase/poc-cfg09/10_seed_concurrencia.sql}} siembra {{activa}}, {{activo}}, {{aliado}}, {{aprobado}}, {{pendiente}} y {{pending}}.

Si el harness de k6 ({{qa/k6/aceptar_concurrente.js}}) se vuelve a correr en el ambiente de Testing, reintroduce valores en inglés que 007 ya no corrige, porque no se vuelve a ejecutar.

*Divergencia de versión:* la RPC que corre en QA tiene la firma {{aceptar_solicitud(p_solicitud uuid, p_aliado uuid, p_corrida text, p_espera numeric)}}, igual que {{aceptar_solicitud_control_malo}}. La del repo tiene {{(uuid, uuid, text)}}. QA corre una versión que no está versionada.

*Qué hacer:*

# Leer de QA (solo lectura) la definición real de las 3 funciones de la PoC y versionarla en el repo.
# Pasar el dominio de la PoC a {{PENDIENTE}}/{{ASIGNADA}} en la RPC, el reset y el seed, y el resto de valores al formato del código.
# Revisar {{qa/k6/aceptar_concurrente.js}}, {{reset.sh}} y el README de k6.
# Probar en la réplica de QA de SCRUM-1057: una aceptación gana, las demás reciben 409, el control negativo sigue fallando como se diseñó y no quedan valores en inglés.
# Aplicar en QA solo con confirmación de Santiago.

*Fuera de alcance:* apuntar k6 a la RPC real de 005 ({{aceptar_solicitud(uuid)}}). Esa RPC responde el conflicto como HTTP 400 con {{MANI-SOL-409}} en el cuerpo, no como 409, y no tiene bitácora ni control negativo. Se propone como ticket aparte para las pruebas de carga del ambiente de Testing.

*Relacionado:* SCRUM-1057, SCRUM-926, ADR-0021.",Medium,,To Do,To Do,REVISAR,,,Revisar manualmente; conservar historial.,MVP,,legacy;traceability
SCRUM-1058,SCRUM-1058,LEGACY_JIRA,Tarea,,004_aliado_categorias.sql falla en Postgres sin esquema auth y corta migrate-local en DEV,"*Origen:* validación local de la promoción {{develop}} → {{release}} del 2026-09-23.

*Qué pasa:* en un Postgres 16 limpio (el {{docker compose}} del repo más {{scripts/migrate-local.sh}}), {{database/migrations/004_aliado_categorias.sql}} falla con:

{noformat}QUERY:  EXISTS (SELECT 1 FROM pg_proc WHERE proname = 'uid' AND pronamespace = 'auth'::regnamespace)
CONTEXT:  PL/pgSQL function inline_code_block line 3 at IF{noformat}

El cast {{'auth'::regnamespace}} lanza error cuando el esquema {{auth}} no existe, así que la guarda {{IF EXISTS}} no protege. Como {{migrate-local.sh}} usa {{ON_ERROR_STOP=1}} y {{set -e}}, la migración 004 no se registra y el script se detiene: *en DEV no se aplican ni 004 ni 005 ni 006*.

En Supabase (QA/PROD) sí existe {{auth}}, así que ahí no falla. Con un shim de {{auth.uid()}}, 001–006 aplican dos veces sin error.

*Qué hacer:*

* Crear una migración nueva {{007_...}} (el README prohíbe editar migraciones ya integradas) que vuelva a ejecutar el bloque con una guarda segura, por ejemplo {{to_regnamespace('auth') IS NOT NULL}} o {{EXISTS (SELECT 1 FROM pg_namespace WHERE nspname = 'auth')}}.
* Alternativa: documentar que DEV local necesita un stub de {{auth}} y agregarlo a {{database/init/}}.
* Revisar si otras migraciones usan el mismo patrón {{'auth'::regnamespace}}.

*Criterio de terminado:* {{docker compose down -v && docker compose up -d}} seguido de {{scripts/migrate-local.sh}} aplica 001–00N sin errores en un Postgres sin {{auth}}.

*Relacionado:* US-03.1.3 (SCRUM-859), SCRUM-1016.

_Prioridad y severidad a criterio del PO (Gobierno del Equipo §1.3.5)._",Medium,,To Do,To Do,REVISAR,,,Revisar manualmente; conservar historial.,MVP,,legacy;traceability
SCRUM-1057,SCRUM-1057,LEGACY_JIRA,Tarea,,Aplicar migraciones 002–006 en MANI-QA y correr la suite de aislamiento ADR-0015 tras la promoción a release,"*Origen:* promoción {{develop}} → {{release}} de MANI-Flutter del 2026-09-23. Todas las historias promovidas tocan esquema o RLS: {{database/migrations/002}} a {{006}} agregan RPCs, triggers, políticas RLS, las tablas {{solicitud_rechazo}} y {{solicitud_foto}}, y el bucket {{solicitudes}}. Por eso el punto 4 del DoR (SCRUM-945) exige la suite de aislamiento multi-tenant de ADR-0015.

*Estado al promover:*

* El paso ""Apply DB Migrations to Supabase QA"" del CI de release nunca había corrido: evaluaba el {{env}} del step en su propio {{if}}. Lo corrigió MANI-Flutter#23.
* El run 35916376440 confirmó que el secret {{SUPABASE_QA_DB_URL}} *no existe* en el repo, así que las migraciones siguen sin llegar a QA.
* Validación local previa, en Postgres 16 con un shim de {{auth.uid()}}:
** 001–006 aplican dos veces seguidas sin error.
** {{database/verify/10}}: 12/12.
** {{database/verify/09}}: 0 fugas.

*Precauciones antes de aplicar en QA:*

* *SCRUM-1051:* las 18 políticas RLS de QA no están versionadas y {{schema_migrations}} no existe en QA. Este será el primer contacto de la cadena con ese ambiente. {{001}} es idempotente y no toca políticas, pero conviene tomar un snapshot de {{pg_policies}} antes.
* {{004_aliado_categorias.sql}} borra filas duplicadas de {{aliado_categoria}} antes de crear el índice único, y reemplaza la política permisiva ""Lectura de categorias de aliado"".
* {{006_crear_solicitud.sql}} crea el bucket {{solicitudes}} y 4 políticas sobre {{storage.objects}}. No debe interferir con el bucket de KYC de CFG-13.
* {{004}} crea {{idx_aliado_categoria_tenant_categoria}} y el UNIQUE {{(aliado_id, categoria_id)}}, lo que cubre parte de SCRUM-1054 (H-01/H-02).

*Qué hacer:*

# Crear el secret {{SUPABASE_QA_DB_URL}} (session pooler de MANI-QA) o aplicar las migraciones a mano.
# Guardar un snapshot de {{pg_policies}} y {{pg_indexes}} antes de aplicar y otro después.
# Verificar que {{schema_migrations}} tenga de 001 a 006.
# Correr la suite Newman de ADR-0015 ({{qa/newman}}) contra QA y adjuntar el reporte.
# Correr {{database/verify/09}} y {{10}} contra QA.

*Criterio de terminado:* 001–006 registradas en QA; la suite ADR-0015 en verde con el reporte adjunto; diff de políticas antes y después anotado aquí.

*Relacionado:* SCRUM-1051, SCRUM-1054, SCRUM-945, ADR-0015, MANI-Flutter#23.

_Prioridad y severidad a criterio del PO (Gobierno del Equipo §1.3.5)._",Medium,,To Do,To Do,REVISAR,,,Revisar manualmente; conservar historial.,MVP,,legacy;traceability
SCRUM-1056,SCRUM-1056,LEGACY_JIRA,Tarea,,"Revisión retroactiva por un par de MANI-Flutter#9, #14 y de los commits directos a develop","*Origen:* revisión del gate DEV → QA para la promoción {{develop}} → {{release}} de MANI-Flutter del 2026-09-23 (punto 2: ""PR revisado y aprobado por mínimo un par técnico"", Gobierno §2.3; regla vinculante §4.1: ningún commit directo a develop). La promoción se aprobó con excepción documentada.

*Estado de revisión al promover:*

* MANI-Flutter#18, #19, #21 y #22: aprobados por Santiago (revisados antes del merge, Approve registrado después).
* *MANI-Flutter#9* (Clean Architecture, DI): el autor lo mergeó sin revisión. Venía de un fork ({{Nicolas11Leon:develop}}) y no tiene ticket de Jira.
* *MANI-Flutter#14* (Register/Login): el autor lo mergeó sin revisión. El cuerpo del PR está vacío. Incluye un commit {{fix: ayudaporfavor}} y borra 8 archivos de {{lib/features/auth}} y {{lib/features/asignacion}}.
* *Commits directos a develop, sin PR* (aceptados por el equipo; el acuerdo es que no se repite):
** Juan Sebastian Alvarez: {{4b6428b}}, {{45f5777}}, {{c485aef}}, {{775601b}}, {{c903da1}} (login/register y formato).
** Jose Nicolas Alvarez: {{d9c6ef8}} (SCRUM-848, que además trae completa la feature de cobertura de SCRUM-849), {{de47f43}} (merge local) y {{7d97281}} (fix de wiring).

*Qué hacer:*

# Un par técnico distinto del autor revisa #9 y #14 y deja Approve o comentarios en GitHub.
# Revisar el diff de {{d9c6ef8}} en particular: SCRUM-849 entró completo sin PR.
# Si la revisión encuentra problemas, abrir un fix contra develop.
# Evaluar la protección de rama en develop (require PR y 1 aprobación) para que la regla §4.1 se aplique sola.

*Criterio de terminado:* #9 y #14 con Approve de un par; {{d9c6ef8}} revisado con resultado anotado en este ticket; decisión sobre la protección de rama registrada.

*Relacionado:* Gobierno §2.3, Documento de Herramientas V2 §4.1, ADR-0004.

_Prioridad y severidad a criterio del PO (Gobierno del Equipo §1.3.5)._",Medium,,To Do,To Do,REVISAR,,,Revisar manualmente; conservar historial.,MVP,,legacy;traceability
SCRUM-1055,SCRUM-1055,LEGACY_JIRA,Tarea,,Registrar criterios de aceptación y evidencia de las historias promovidas a release sin DoR,"*Origen:* revisión del gate DEV → QA (Documento de Herramientas V2 §5.2, paso 1) para la promoción {{develop}} → {{release}} de MANI-Flutter del 2026-09-23. La promoción se aprobó con excepción documentada; este ticket recoge la brecha del punto 3 del gate.

*Contexto:* el punto 3 del gate exige ""DoR cumplida y criterios de aceptación funcionales validados en local"". El DoR vigente (spike SCRUM-945) pide, en su punto 5, evidencia en Jira. En su punto 7 pide, por cada criterio de aceptación, un caso positivo, uno negativo y un intento explícito de violar la regla crítica, y que cada prueba declare qué criterio cubre.

Al cruzar las historias que entran en la promoción:

||Historia||Llegó a develop por||Estado en Jira||Criterios en Jira||Evidencia en Jira||
|SCRUM-846 US-02.1.1|MANI-Flutter#14 y commits directos|En revisión|no|0 comentarios|
|SCRUM-847 US-02.1.2|MANI-Flutter#14 y commits directos|En revisión|no|0|
|SCRUM-851 US-02.2.1|MANI-Flutter#14 y commits directos|En revisión|no|0|
|SCRUM-848 US-02.1.3|commit directo {{d9c6ef8}}|Finalizada|no|0|
|SCRUM-849 US-02.1.4|commit directo {{d9c6ef8}}, sin PR|Finalizada|no|0|
|SCRUM-857 US-03.1.1|MANI-Flutter#18|Finalizada|sí (BDD)|0|
|SCRUM-859 US-03.1.3|MANI-Flutter#19|En curso|no|0|
|SCRUM-860 US-04.1.1|MANI-Flutter#22|En revisión|no|0|
|SCRUM-863 US-04.1.4|MANI-Flutter#21|En revisión|no|0|

{{Product/Product_Backlog.md}} en MANI-docs tampoco tiene criterios para estas historias. Los PR #21 y #22 describen el comportamiento y traen una sección ""Cómo probar"", pero eso vive en GitHub y no está escrito como criterios.

*Estados desalineados con el código:*

* SCRUM-859 sigue ""En curso"" y sus subtareas SCRUM-1016, 1017, 1019, 1020 y 1021 están en ""Tareas por hacer"", aunque hay commits mergeados en develop con esas claves.
* 846, 847, 851, 860 y 863 siguen ""En revisión"" con el código ya integrado.

*Qué hacer (cada dueño en su historia):*

# Escribir los criterios de aceptación en formato Given/When/Then.
# Mapear cada criterio a los tests que ya existen en {{test/}} o {{test/integration/}}, o declarar el hueco.
# Adjuntar como comentario la evidencia de la validación local (comando, resultado, fecha).
# Mover la historia y sus subtareas al estado real.

*Criterio de terminado:*

* Las 8 historias sin criterios los tienen en Jira.
* Cada historia tiene al menos un comentario de evidencia.
* Ninguna historia integrada en release queda en ""Tareas por hacer"" o ""En curso"" sin justificación.

*Evidencia:* informe de promoción en MANI-docs ({{Entregas/Test/}}), PR de promoción {{develop}} → {{release}} en MANI-Flutter.

*Relacionado:* SCRUM-945 (DoR/DoD), Gobierno §2.3.

_Prioridad y severidad a criterio del PO (Gobierno del Equipo §1.3.5)._",Medium,,To Do,To Do,REVISAR,,,Revisar manualmente; conservar historial.,MVP,,legacy;traceability
SCRUM-1054,SCRUM-1054,LEGACY_JIRA,Tarea,,Agregar índices de la consulta de despacho al DDL y alinear QA con el DDL,"*Origen:* PoC CFG-10 (SCRUM-927), informe PoC-004 en MANI-docs ({{Entregas/PoC/PoC-004-cobertura-geografica.md}}), hallazgos H-01 y H-02.

*Contexto:* la consulta ""aliados válidos por cobertura y categoría"" (ADR-0011, la que usa US-04.1.2 / SCRUM-861) cumple p95 < 50 ms en base con 1k, 10k y 100k aliados por tenant *solo si existen dos índices que hoy no están en el DDL*. Sin ellos, a 100k aliados el p95 sube a 124 ms, porque Postgres recorre completo el índice {{UNIQUE (aliado_id, zona_id)}}: la columna {{zona_id}} está en segunda posición.

||Aliados en el tenant||Índices actuales del DDL||Con los índices propuestos||
|1k|1,10 ms|0,23 ms|
|10k|15,58 ms|0,95 ms|
|100k|123,91 ms (no cumple)|9,48 ms|

*1. Índices recomendados (H-02)*, a decidir por el dueño del DDL:

{code:sql}CREATE INDEX idx_cobertura_aliado_tenant_zona
  ON cobertura_aliado (tenant_id, zona_id) INCLUDE (aliado_id);
CREATE INDEX idx_aliado_categoria_tenant_categoria
  ON aliado_categoria (tenant_id, categoria_id) INCLUDE (aliado_id);{code}

*2. QA desalineado con el DDL (H-01):* en MANI-QA, las tablas {{aliado}}, {{zona}}, {{cobertura_aliado}}, {{categoria_servicio}} y {{aliado_categoria}} solo tienen llave primaria. Faltan los índices por {{tenant_id}} y las restricciones {{UNIQUE (aliado_id, zona_id)}} y {{UNIQUE (aliado_id, categoria_id)}} que declara {{DDL_MANI.sql}}. Sin esas UNIQUE se puede declarar dos veces la misma cobertura.

*Criterio de terminado:*

* Decisión del dueño del DDL registrada en este ticket.
* Si se aceptan, los índices quedan en {{DDL_MANI.sql}} y aplicados en QA.
* QA tiene los índices y las UNIQUE del DDL (verificable con {{pg_indexes}}).

*Evidencia:* MANI-Flutter, rama {{feature/SCRUM-927-poc-cobertura-release}} (PR #16 a {{release}}), {{supabase/poc-cfg10/evidencia/medicion-db.json}} y {{precision-y-planes-100k.json}}.

*Relacionado:* SCRUM-927, SCRUM-861, ADR-0011.",High,,To Do,To Do,REVISAR,,,Revisar manualmente; conservar historial.,MVP,,legacy;traceability
SCRUM-1053,SCRUM-1053,LEGACY_JIRA,Tarea,,"Implementar ADR-0013 en QA — cero buckets de Storage, el caso 6 de ADR-0015 no es ejecutable","_Hallazgo detectado durante la PoC CFG-12 (SCRUM-929), el 2026-09-22._

h2. Qué se encontró

_ADR-0013 (almacenamiento de documentos KYC de aliados en Supabase Storage) no está implementado en QA._ Verificado el 2026-09-22:

|| Verificación || Resultado ||
| {{storage.buckets}} | _0 buckets_ |
| Políticas sobre {{storage.objects}} | _0_ |
| Filas en {{public.documento_kyc}} | 0 antes de la PoC |

La tabla {{documento_kyc}} sí existe y tiene su política de aislamiento por tenant, pero _no hay nada en Storage que aislar_.

h2. Por qué importa

_Deja el caso 6 de ADR-0015 sin poder ejecutarse._ La enumeración de {{Project/Documento_Herramientas_Politicas_Lineamientos_V2.md}} §4.3.3 define el sexto caso de acceso cruzado como ""validación de aislamiento de documentos KYC en Supabase Storage"".

Los otros cinco casos ya están implementados y en verde ({{qa/newman/mani-aislamiento.postman_collection.json}}, 36/36). El sexto queda declarado no ejecutable.

Consecuencia de gobierno: el gate que el _DoR punto 4_ y el _DoD punto 2_ exigen —""la suite de aislamiento multi-tenant ya definida en ADR-0015""— _no puede cumplirse al 100%_ mientras esto siga así, para ningún ticket que toque auth, RLS o esquema.

h2. Lo que la PoC dejó preparado

* Un {{documento_kyc}} sembrado por tenant ({{supabase/poc-cfg12/20_seed_identidad.sql}}), con {{ruta_storage}} apuntando a un objeto que todavía no existe.
* Un _sustituto parcial_ en la suite: cubre el aislamiento de la _fila_ de {{documento_kyc}}, en verde. _No sustituye al caso 6_, que es el del _objeto_ en Storage.
* Una petición en la suite que _comprueba en cada corrida que siga sin haber buckets_. El día que aparezca uno, ese test falla y avisa que hay que escribir el caso 6 de verdad, en vez de quedar declarado no ejecutable por inercia.

Sembrar el bucket desde la PoC habría sido implementar el ADR de contrabando, por eso no se hizo.

h2. Qué habría que hacer

h1. Aprovisionar el bucket de KYC en QA según ADR-0013.

h1. Definir sus políticas sobre {{storage.objects}}, con el mismo predicado de tenant de ADR-0018.

h1. Escribir el caso 6 real en {{qa/newman/mani-aislamiento.postman_collection.json}} y quitar la petición centinela.

h1. Evaluar si {{dev}} y {{prod}} tienen el mismo hueco.

h2. Evidencia

* {{Entregas/PoC/SCRUM-971-verificacion-terreno.md}} en {{Trama-AS/MANI-docs}}
* {{Entregas/PoC/PoC-002-identidad-propagacion-claims-tenant.md}}, §5.2
* Script: {{supabase/poc-cfg12/01_resumen_terreno.sql}}, bloques {{b6a}} y {{b6b}}
* Suite: {{qa/newman/mani-aislamiento.postman_collection.json}}, carpeta ""06 caso 6""

h2. Quién debería revisar

* _DevOps_ — aprovisionamiento del bucket y sus políticas.
* _Backend Lead_ — autor de ADR-0013.

h2. Trazabilidad

* Detectado en: SCRUM-929 (CFG-12), subtarea SCRUM-975
* ADRs afectados: ADR-0013 (no implementado), ADR-0015 (su caso 6 depende de este)
* Requerimiento: RNF-01

_Prioridad y severidad sin asignar: corresponden al PO según Gobierno del Equipo §1.3.5._",Medium,,To Do,To Do,REVISAR,,,Revisar manualmente; conservar historial.,MVP,,legacy;traceability
SCRUM-1052,SCRUM-1052,LEGACY_JIRA,Tarea,,No existe autorización por rol dentro del tenant — las 15 políticas RLS aíslan solo por tenant (roles = public),"_Hallazgo detectado durante la PoC CFG-12 (SCRUM-929), el 2026-09-22. Generaliza el hallazgo H-02 de PoC-001 (CFG-09), que lo había visto solo sobre una tabla._

h2. Qué se encontró

Las _18 políticas RLS del esquema {{public}} tienen {{roles = {public}}}_ y un único predicado:

\{code:sql}USING (tenant_id = ((auth.jwt() -> 'app_metadata') ->> 'tenant_id')::uuid)\{code}

_El aislamiento es solo por tenant._ Ninguna política distingue el rol del usuario ni si la fila le pertenece. Cualquier usuario autenticado de un tenant puede leer y escribir _cualquier_ fila de ese tenant.

h2. Consecuencias verificadas

* Un {{cliente}} puede modificar el perfil de un {{aliado}} de su tenant.
* Un {{cliente}} puede leer los documentos KYC de cualquier aliado de su tenant.
* CFG-09 ya lo había documentado sobre {{solicitud}}: un {{cliente}} puede hacer {{UPDATE}} sobre cualquier solicitud y autoasignársela, aunque {{DD-MANI.md}} §5.4 restringe {{POST /solicitudes/:id/aceptar}} al rol {{aliado}}.

_Lo que esta PoC agrega:_ no es un problema de {{solicitud}}. _Es el diseño de las 15 tablas._

h2. Alcance del problema

_RNF-01 sí se cumple._ Habla de aislamiento _entre_ tenants, y eso está medido: 0 fugas en los seis casos de acceso cruzado de ADR-0015, 4 de 4 vectores de suplantación rechazados.

Lo que no existe es la autorización _dentro_ del tenant. Es una capa que no se diseñó, no un bug de implementación — por eso probablemente requiera una decisión de arquitectura antes que un ticket de implementación.

h2. Preguntas que la Mesa debería resolver

h1. ¿Dónde vive esa autorización: en las políticas RLS, en la capa de servicio, o en ambas?

h1. Si va en RLS, ¿se añade el rol al predicado ({{auth.jwt() -> 'app_metadata' ->> 'user_role'}}) o se separan políticas por operación con {{TO}} explícito?

h1. ¿Qué modelo de propiedad de fila aplica? Hoy no hay forma de expresar ""esta fila es de este usuario"" de manera uniforme.

h1. ¿Requiere ADR propio? {{DD-MANI.md}} define restricciones por rol a nivel de endpoint, pero ningún ADR dice dónde se imponen.

h2. Evidencia

* {{Entregas/PoC/SCRUM-971-verificacion-terreno.md}} en {{Trama-AS/MANI-docs}}, hallazgo H-02 — incluye el volcado completo de {{pg_policies}}
* {{Entregas/PoC/PoC-002-identidad-propagacion-claims-tenant.md}}, §6 y Anexo B
* Antecedente: {{Entregas/PoC/PoC-001-exclusion-concurrente-aceptacion.md}}, hallazgo H-02
* Script: {{supabase/poc-cfg12/01_resumen_terreno.sql}}, bloque {{b3b}}

h2. Quién debería revisar

* _Backend Lead_ — autor de ADR-0012, dueño del modelo de aislamiento.
* _Mesa de Arquitectura_ (ADR-0003) — si la decisión de dónde vive la autorización requiere ADR.

h2. Trazabilidad

* Detectado en: SCRUM-929 (CFG-12) · generaliza el hallazgo de SCRUM-926 (CFG-09)
* ADRs afectados: ADR-0012 (aislamiento multi-tenant), ADR-0018 (propagación de tenant)
* Documentos: {{DD-MANI.md}} §5.4
* Requerimiento: RNF-01 / DR-01 (cumplido en su alcance literal; el hueco es adyacente)

_Prioridad y severidad sin asignar: corresponden al PO según Gobierno del Equipo §1.3.5._",Medium,,To Do,To Do,REVISAR,,,Revisar manualmente; conservar historial.,MVP,,legacy;traceability
SCRUM-1051,SCRUM-1051,LEGACY_JIRA,Tarea,,Versionar las políticas RLS — database/migrations no contiene ningún CREATE POLICY (RNF-01 se pierde al reconstruir un ambiente),"_Hallazgo detectado durante la PoC CFG-12 (SCRUM-929), el 2026-09-22. Continuación directa de un pendiente que SCRUM-1039 dejó abierto._

h2. Qué se encontró

Las _18 políticas RLS del esquema {{public}} existen únicamente en la base de datos de QA_. Se aplicaron a mano al cerrar SCRUM-1039 y nunca se versionaron.

Entre tanto, el commit {{948bebb}} de {{Trama-AS/MANI-Flutter}} introdujo {{database/migrations/}} como cadena de migraciones versionadas. Su propio README dice que esa cadena ""se ejecuta de forma secuencial en todos los ambientes (_DEV_, _QA_ y _PROD_)"", y CI la aplica automáticamente en cada push a {{release}}.

_{{database/migrations/001_initial_schema.sql}} no contiene ni un {{CREATE POLICY}} ni un {{ENABLE ROW LEVEL SECURITY}}._

h2. Por qué importa

_Reconstruir cualquier ambiente desde esa cadena produce el esquema sin aislamiento._ Es el estado exacto que SCRUM-1039 clasificó como ""RNF-01 / DR-01 no implementado en QA"".

SCRUM-1039 identificó la causa raíz como ""no existe verificación posterior a la aplicación del DDL: nada compara el esquema real del ambiente contra el archivo que supuestamente se aplicó"". Ese riesgo no solo sigue abierto: _ahora tiene un mecanismo automatizado que puede materializarlo._

h2. Dato que da margen

_{{public.schema_migrations}} no existe en QA._ Verificado con {{to_regclass}} el 2026-09-22. El paso ""Apply DB Migrations to Supabase QA"" que CI incorporó la crea con {{CREATE TABLE IF NOT EXISTS}} en su primer push, así que _la cadena nunca ha corrido contra ese ambiente_.

Hay margen para corregirla antes de que aplique por primera vez. Ese margen se pierde en el próximo push a {{release}}.

h2. Qué habría que hacer

h1. Versionar las 18 políticas vivas en QA como una migración ({{002_rls_policies.sql}} o similar), idempotente como exige {{database/migrations/README.md}}.

h1. Decidir si se versiona también {{aplicar_rls_qa.sql}} / {{revertir_rls_qa.sql}}, pendiente explícito de SCRUM-1039 que nunca ocurrió.

h1. _Agregar un chequeo de consistencia esquema-vs-DDL al pipeline_, que es lo que SCRUM-1039 señaló como la corrección de fondo: que un {{CREATE POLICY}} que no entre se detecte solo.

h1. Verificar si {{dev}} tiene el mismo problema — es el mismo archivo para los tres ambientes.

h2. Evidencia

* {{Entregas/PoC/SCRUM-971-verificacion-terreno.md}} en {{Trama-AS/MANI-docs}}, hallazgo H-04
* {{Entregas/PoC/PoC-002-identidad-propagacion-claims-tenant.md}}, §6 y Anexo B
* Script que lo comprueba: {{supabase/poc-cfg12/01_resumen_terreno.sql}}, bloque {{b3c}}

h2. Quién debería revisar

* _DevOps_ — dueño de la cadena de migraciones y de la promoción entre ambientes (ADR-0004). Le corresponde el chequeo de consistencia del punto 3.
* _Backend Lead_ — autor de ADR-0012, para validar que las políticas versionadas sean las correctas.

h2. Trazabilidad

* Detectado en: SCRUM-929 (CFG-12), durante la verificación de terreno de SCRUM-971
* Antecedente directo: SCRUM-1039, que lo dejó como pendiente explícito
* ADRs afectados: ADR-0004, ADR-0012
* Requerimiento: RNF-01 / DR-01

_Prioridad y severidad sin asignar: corresponden al PO según Gobierno del Equipo §1.3.5._",Medium,,To Do,To Do,REVISAR,,,Revisar manualmente; conservar historial.,MVP,,legacy;traceability
SCRUM-1050,SCRUM-1050,LEGACY_JIRA,Subtarea,"CFG-14 - una observabilidad mínima con logs centralizados y health check por ambiente, para consultar el estado de DEV y QA durante la demo",Probar healtcheks entre maquinas virtuales de ambos ambientes,,Medium,,Done,Done,HEREDA_PRESERVAR_Y_APROVECHAR,Enabler previo,DevOps/Infra,"Subtarea histórica de SCRUM-931. Conservar evidencia. Si dependía del stack anterior, la adaptación se captura en MIG-xx, no reabriendo la tarea.",MVP,,legacy;traceability
SCRUM-1049,SCRUM-1049,LEGACY_JIRA,Subtarea,"CFG-14 - una observabilidad mínima con logs centralizados y health check por ambiente, para consultar el estado de DEV y QA durante la demo",Definir como usar healtcheck entre las maquinas virtuales de la universidad,,Medium,,Done,Done,HEREDA_PRESERVAR_Y_APROVECHAR,Enabler previo,DevOps/Infra,"Subtarea histórica de SCRUM-931. Conservar evidencia. Si dependía del stack anterior, la adaptación se captura en MIG-xx, no reabriendo la tarea.",MVP,,legacy;traceability
SCRUM-1048,SCRUM-1048,LEGACY_JIRA,Subtarea,"CFG-07 - una diseñar estrategia de migraciones de BD versionadas y ejecutadas por el pipeline, para mantener DEV y QA sincronizados",Implementar codigo para QA,,Medium,,Done,Done,HEREDA_PRESERVAR_Y_APROVECHAR,Enabler previo,DevOps/Infra,"Subtarea histórica de SCRUM-924. Conservar evidencia. Si dependía del stack anterior, la adaptación se captura en MIG-xx, no reabriendo la tarea.",MVP,,legacy;traceability
SCRUM-1047,SCRUM-1047,LEGACY_JIRA,Subtarea,"CFG-07 - una diseñar estrategia de migraciones de BD versionadas y ejecutadas por el pipeline, para mantener DEV y QA sincronizados",Implementar codigo para DEVS ,,Medium,,Done,Done,HEREDA_PRESERVAR_Y_APROVECHAR,Enabler previo,DevOps/Infra,"Subtarea histórica de SCRUM-924. Conservar evidencia. Si dependía del stack anterior, la adaptación se captura en MIG-xx, no reabriendo la tarea.",MVP,,legacy;traceability
SCRUM-1046,SCRUM-1046,LEGACY_JIRA,Subtarea,"CFG-07 - una diseñar estrategia de migraciones de BD versionadas y ejecutadas por el pipeline, para mantener DEV y QA sincronizados",Definir migraciones QA->DEVS,,Medium,,Done,Done,HEREDA_PRESERVAR_Y_APROVECHAR,Enabler previo,DevOps/Infra,"Subtarea histórica de SCRUM-924. Conservar evidencia. Si dependía del stack anterior, la adaptación se captura en MIG-xx, no reabriendo la tarea.",MVP,,legacy;traceability
SCRUM-1045,SCRUM-1045,LEGACY_JIRA,Subtarea,"CFG-07 - una diseñar estrategia de migraciones de BD versionadas y ejecutadas por el pipeline, para mantener DEV y QA sincronizados",Definir migraciones DEV->QA,,Medium,,Done,Done,HEREDA_PRESERVAR_Y_APROVECHAR,Enabler previo,DevOps/Infra,"Subtarea histórica de SCRUM-924. Conservar evidencia. Si dependía del stack anterior, la adaptación se captura en MIG-xx, no reabriendo la tarea.",MVP,,legacy;traceability
SCRUM-1044,SCRUM-1044,LEGACY_JIRA,Subtarea,"DOC-08 - definir la topología DEV/QA/PROD (qué se comparte, qué se aísla y por qué), para que cada decisión de compartir o aislar sea trazable a un requisito",Subir documento con la topologia al repo de documentacion,,Medium,,Done,Done,HEREDA_PRESERVAR_HISTORICO,Documentación vigente/histórica,MANI-Docs,Subtarea histórica de SCRUM-939. No reabrir; conservar evidencia y trazabilidad.,Histórico / conservar,,legacy;traceability
SCRUM-1043,SCRUM-1043,LEGACY_JIRA,Subtarea,"DOC-08 - definir la topología DEV/QA/PROD (qué se comparte, qué se aísla y por qué), para que cada decisión de compartir o aislar sea trazable a un requisito",Definir topologia en papel,,Medium,,Done,Done,HEREDA_PRESERVAR_HISTORICO,Documentación vigente/histórica,MANI-Docs,Subtarea histórica de SCRUM-939. No reabrir; conservar evidencia y trazabilidad.,Histórico / conservar,,legacy;traceability
SCRUM-1039,SCRUM-1039,LEGACY_JIRA,Tarea,,Aplicar políticas RLS faltantes en QA — ninguna tabla tiene política (RNF-01 sin implementar),"_Hallazgo detectado durante la validación de CFG-04 (SCRUM-921), el 2026-09-21._

h2. Qué se encontró

Al validar el seed multi-tenant contra QA se descubrió que *las 17 tablas del esquema* {{public}} tenían RLS habilitado y CERO políticas. Evidencia:

{code:sql}SELECT tablename, policyname FROM pg_policies WHERE schemaname = 'public';
-- Success. No rows returned{code}

{{Product/DDL_MANI.sql}} de {{Trama-AS/MANI-docs}} define 15 {{CREATE POLICY}}. En QA se aplicaron las tablas y los {{ENABLE ROW LEVEL SECURITY}}, pero las políticas no.

Además, QA difiere del DDL en un segundo punto: {{tenant}} y {{zona}} tenían RLS activo, cuando el DDL (líneas 29-31) las define explícitamente como catálogos globales _sin_ RLS.

h2. Causa raíz

El DDL se aplicó *de forma parcial*: entraron las tablas y los {{ENABLE ROW LEVEL SECURITY}}, no las políticas. No es un error de diseño — el DDL está completo y correcto en el repositorio.

El problema de fondo es que *no existe verificación posterior a la aplicación del DDL*: nada compara el esquema real del ambiente contra el archivo que supuestamente se aplicó. La aplicación parcial pasó silenciosa y solo se detectó cuando alguien fue a usar la base para otra cosa.

Mientras no haya ese chequeo, puede volver a ocurrir en cualquier promoción de ambiente. {{dev}} probablemente tiene el mismo problema hoy, porque es el mismo archivo para ambos ambientes ({{Modelo_Datos_MANI.md}} §9).

h2. Por qué importa

Con RLS habilitado y sin políticas, PostgreSQL *niega todo* a cualquier rol que no sea el dueño de la tabla. Consecuencias verificadas:

* *RNF-01 / DR-01 no estaba implementado en QA.* El driver arquitectónico crítico del proyecto no estaba protegiendo nada, y no se había detectado.
* *La app Flutter no podía leer datos* vía PostgREST con un token de usuario: toda consulta devolvía vacío.
* *La suite Newman de ADR-0015 daría verde en falso.* Sus 6 casos verifican que el Tenant 1 no accede a datos del Tenant 2, y pasarían — porque nadie accede a nada. Los casos positivos son los que fallarían.
* La demo de aislamiento era imposible: ningún usuario veía nada, ni siquiera lo propio.

h2. Qué se hizo ya

Se aplicaron en QA las 15 políticas del DDL, más lectura global para {{tenant}} y {{zona}}. Validado con sesión simulada ({{SET LOCAL ROLE authenticated}} + JWT con {{app_metadata.tenant_id}}):

||Prueba||Resultado||
|Cliente Tenant 1|Ve 1 sitio/aliado/categoría propios, 0 del Tenant 2|
|Cliente Tenant 2|Espejo exacto, 0 del Tenant 1|
|{{zona}} / {{tenant}}|3 y 2 visibles — catálogos globales legibles|
|Control negativo (tenant inexistente)|0, 0, 0|

h2. Desviación del DDL que requiere decisión

El script aplicado *no* apaga RLS en {{tenant}} y {{zona}} como hace el DDL. En su lugar les deja una política {{FOR SELECT USING (true)}} y revoca escritura a {{anon}} y {{authenticated}}.

Motivo: Supabase otorga {{ALL}} sobre las tablas de {{public}} a {{anon}} y {{authenticated}} por defecto, y delega toda la seguridad a RLS. Una tabla sin RLS en ese esquema queda escribible con la anon key, que es pública y viaja embebida en el cliente Flutter. Apagar RLS en {{zona}} permitiría a un anónimo borrar el catálogo de zonas de toda la plataforma.

La alternativa elegida da el mismo acceso de lectura sin ese hueco, pero *se desvía de ADR-0012 y del DDL*, así que necesita aprobación.

h2. Quién debe revisar

Dos roles distintos, por razones distintas:

* *DevOps* — aplicó el DDL en QA y es dueño de la promoción entre ambientes (ADR-0004). Le corresponde la causa raíz: por qué entró parcial y cómo evitar que se repita.
* *Backend Lead* — autor de ADR-0012. Le corresponde aprobar o rechazar la desviación sobre {{tenant}} y {{zona}}.

h2. Pendiente

* Versionar {{aplicar_rls_qa.sql}} y {{revertir_rls_qa.sql}} en el repo que corresponda.
* *Agregar un chequeo de consistencia esquema-vs-DDL al pipeline*, para que un {{CREATE POLICY}} que no entre se detecte solo en vez de descubrirse por casualidad meses después. Es lo que habría evitado este incidente.
* Verificar si {{dev}} tiene el mismo problema — el DDL es el mismo archivo para ambos ambientes.
* Actualizar {{Product/Modelo_Datos_MANI.md}} §9 y {{Product/DDL_MANI.sql}} con la decisión sobre {{tenant}} y {{zona}}. El §9 fija que el diseño se decide y se escribe primero en el documento, nunca al revés.
* Evaluar añadir {{WITH CHECK}} a las políticas: hoy solo tienen {{USING}}, así que PostgreSQL reutiliza esa expresión para INSERT/UPDATE. Funciona, pero conviene que sea explícito.

h2. Trazabilidad

* Detectado en: SCRUM-921 (CFG-04), subtarea SCRUM-1004
* ADRs afectados: ADR-0004 (promoción de ambientes), ADR-0012 (aislamiento multi-tenant), ADR-0015 (suite de pruebas), ADR-0018 (propagación de tenant)
* Requerimiento: RNF-01 / DR-01",High,,Done,To Do,REVISAR,,,Revisar manualmente; conservar historial.,MVP,,legacy;traceability
SCRUM-1038,SCRUM-1038,LEGACY_JIRA,Subtarea,US-02.3.2 - Aceptación de Términos y Condiciones,Pruebas unitarias (incluyendo cumplimiento legal),"Verificar específicamente que el registro se bloquea sin aceptación, y que el consentimiento queda correctamente registrado con su versión y fecha.",Medium,,To Do,To Do,HEREDA_BACKLOG_SECUNDARIO,Cumplimiento/legal,Core Node + Flutter,Subtarea histórica de SCRUM-856. Mantener como requisito complementario; no sustituye un RF del SRS.,MVP,,legacy;traceability
SCRUM-1037,SCRUM-1037,LEGACY_JIRA,Subtarea,US-02.3.2 - Aceptación de Términos y Condiciones,Frontend: mostrar el documento completo,Modal o vista donde el usuario pueda leer el documento completo antes de aceptar (no solo un checkbox ciego).,Medium,,To Do,To Do,HEREDA_BACKLOG_SECUNDARIO,Cumplimiento/legal,Core Node + Flutter,Subtarea histórica de SCRUM-856. Mantener como requisito complementario; no sustituye un RF del SRS.,MVP,,legacy;traceability
SCRUM-1036,SCRUM-1036,LEGACY_JIRA,Subtarea,US-02.3.2 - Aceptación de Términos y Condiciones,Frontend: pantalla de aceptación en el registro,"Checkbox obligatorio durante el flujo de registro, con enlace visible al documento completo.",Medium,,To Do,To Do,HEREDA_BACKLOG_SECUNDARIO,Cumplimiento/legal,Core Node + Flutter,Subtarea histórica de SCRUM-856. Mantener como requisito complementario; no sustituye un RF del SRS.,MVP,,legacy;traceability
SCRUM-1035,SCRUM-1035,LEGACY_JIRA,Subtarea,US-02.3.2 - Aceptación de Términos y Condiciones,Backend: bloquear el registro si no se acepta,El registro no debe completarse si el usuario no marcó la aceptación — esto es crítico para el cumplimiento legal.,Medium,,To Do,To Do,HEREDA_BACKLOG_SECUNDARIO,Cumplimiento/legal,Core Node + Flutter,Subtarea histórica de SCRUM-856. Mantener como requisito complementario; no sustituye un RF del SRS.,MVP,,legacy;traceability
SCRUM-1034,SCRUM-1034,LEGACY_JIRA,Subtarea,US-02.3.2 - Aceptación de Términos y Condiciones,Backend: endpoint para registrar la aceptación,Endpoint que reciba la aceptación durante el flujo de registro y la guarde con el timestamp correspondiente.,Medium,,To Do,To Do,HEREDA_BACKLOG_SECUNDARIO,Cumplimiento/legal,Core Node + Flutter,Subtarea histórica de SCRUM-856. Mantener como requisito complementario; no sustituye un RF del SRS.,MVP,,legacy;traceability
SCRUM-1033,SCRUM-1033,LEGACY_JIRA,Subtarea,US-02.3.2 - Aceptación de Términos y Condiciones,Backend: modelo para registrar el consentimiento,"Tabla que guarde quién aceptó, qué versión del documento, y en qué fecha — esto es lo que da validez legal ante la Ley 1581 (Habeas Data).",Medium,,To Do,To Do,HEREDA_BACKLOG_SECUNDARIO,Cumplimiento/legal,Core Node + Flutter,Subtarea histórica de SCRUM-856. Mantener como requisito complementario; no sustituye un RF del SRS.,MVP,,legacy;traceability
SCRUM-1032,SCRUM-1032,LEGACY_JIRA,Subtarea,US-02.3.2 - Aceptación de Términos y Condiciones,Definir contenido y versión de los documentos legales,"Coordinar con Product Owner/área legal el contenido exacto de los Términos y Condiciones y la Política de Datos Personales, y cómo se versionarán (para saber qué versión aceptó cada usuario).",Medium,,To Do,To Do,HEREDA_BACKLOG_SECUNDARIO,Cumplimiento/legal,Core Node + Flutter,Subtarea histórica de SCRUM-856. Mantener como requisito complementario; no sustituye un RF del SRS.,MVP,,legacy;traceability
SCRUM-1031,SCRUM-1031,LEGACY_JIRA,Subtarea,US-02.3.1 - Editar perfil propio,Pruebas unitarias,Backend: actualización correcta y rechazo de datos inválidos. Frontend: formulario refleja los cambios guardados.,Medium,,To Do,To Do,HEREDA_BACKLOG_SECUNDARIO,Soporte de perfil,Core Node,"Subtarea histórica de SCRUM-854. Útil, pero no es driver principal del SRS actual. Mantener sin desplazar RF críticos.",MVP,,legacy;traceability
SCRUM-1030,SCRUM-1030,LEGACY_JIRA,Subtarea,US-02.3.1 - Editar perfil propio,Frontend: subida de foto,Componente para cambiar/subir una nueva foto de perfil.,Medium,,To Do,To Do,HEREDA_BACKLOG_SECUNDARIO,Soporte de perfil,Core Node,"Subtarea histórica de SCRUM-854. Útil, pero no es driver principal del SRS actual. Mantener sin desplazar RF críticos.",MVP,,legacy;traceability
SCRUM-1029,SCRUM-1029,LEGACY_JIRA,Subtarea,US-02.3.1 - Editar perfil propio,Frontend: formulario de edición de perfil,Formulario donde el usuario ve sus datos actuales y puede modificarlos.,Medium,,To Do,To Do,HEREDA_BACKLOG_SECUNDARIO,Soporte de perfil,Core Node,"Subtarea histórica de SCRUM-854. Útil, pero no es driver principal del SRS actual. Mantener sin desplazar RF críticos.",MVP,,legacy;traceability
SCRUM-1028,SCRUM-1028,LEGACY_JIRA,Subtarea,US-02.3.1 - Editar perfil propio,Backend: validaciones de campos,"Validar formatos básicos (teléfono, dirección no vacía, formato de imagen soportado).",Medium,,To Do,To Do,HEREDA_BACKLOG_SECUNDARIO,Soporte de perfil,Core Node,"Subtarea histórica de SCRUM-854. Útil, pero no es driver principal del SRS actual. Mantener sin desplazar RF críticos.",MVP,,legacy;traceability
SCRUM-1027,SCRUM-1027,LEGACY_JIRA,Subtarea,US-02.3.1 - Editar perfil propio,Backend: endpoint de actualización de perfil,"Endpoint que permita actualizar datos personales, foto y dirección del usuario autenticado (respetando que solo pueda editar su propio perfil).",Medium,,To Do,To Do,HEREDA_BACKLOG_SECUNDARIO,Soporte de perfil,Core Node,"Subtarea histórica de SCRUM-854. Útil, pero no es driver principal del SRS actual. Mantener sin desplazar RF críticos.",MVP,,legacy;traceability
SCRUM-1026,SCRUM-1026,LEGACY_JIRA,Subtarea,"DOC-19 - documentar las implicaciones regulatorias de EP-07 (pagos, escrow, audit log inmutable), para registrar la decisión pendiente antes de comprometer el alcance",Compartir con el Product Owner / cliente,Compartir el ADR y el riesgo documentado con el Product Owner/cliente para que tome la decisión regulatoria pendiente antes de comprometer el alcance de EP-07.,Medium,,In Review,To Do,HEREDA_VALIDAR_CIERRE,Documentación,MANI-Docs,Subtarea histórica de SCRUM-948. Revisar contra los documentos consolidados actuales y cerrar/superseder sin rehacer contenido ya cubierto.,MVP,,legacy;traceability
SCRUM-1025,SCRUM-1025,LEGACY_JIRA,Subtarea,"DOC-19 - documentar las implicaciones regulatorias de EP-07 (pagos, escrow, audit log inmutable), para registrar la decisión pendiente antes de comprometer el alcance",Registrar el riesgo en el documento correspondiente,"Agregar esta decisión pendiente en el documento de ""Riesgo"" del proyecto (documento destino indicado en la tarea), con el impacto potencial si no se resuelve a tiempo.",Medium,,In Review,To Do,HEREDA_VALIDAR_CIERRE,Documentación,MANI-Docs,Subtarea histórica de SCRUM-948. Revisar contra los documentos consolidados actuales y cerrar/superseder sin rehacer contenido ya cubierto.,MVP,,legacy;traceability
SCRUM-1024,SCRUM-1024,LEGACY_JIRA,Subtarea,"DOC-19 - documentar las implicaciones regulatorias de EP-07 (pagos, escrow, audit log inmutable), para registrar la decisión pendiente antes de comprometer el alcance",Redactar el ADR de decisión pendiente,Redactar un ADR (Architecture Decision Record) documentando explícitamente que esta decisión regulatoria aún no está resuelta y requiere definición del cliente antes de comprometer el alcance del EP-07.,Medium,,Done,To Do,HEREDA_VALIDAR_CIERRE,Documentación,MANI-Docs,Subtarea histórica de SCRUM-948. Revisar contra los documentos consolidados actuales y cerrar/superseder sin rehacer contenido ya cubierto.,MVP,,legacy;traceability
SCRUM-1023,SCRUM-1023,LEGACY_JIRA,Subtarea,"DOC-19 - documentar las implicaciones regulatorias de EP-07 (pagos, escrow, audit log inmutable), para registrar la decisión pendiente antes de comprometer el alcance",Investigar requisitos de audit log inmutable,Investigar si existe normativa o buena práctica que exija que el log de auditoría no pueda modificarse ni borrarse (relevante para trazabilidad legal de transacciones).,Medium,,Done,To Do,HEREDA_VALIDAR_CIERRE,Documentación,MANI-Docs,Subtarea histórica de SCRUM-948. Revisar contra los documentos consolidados actuales y cerrar/superseder sin rehacer contenido ya cubierto.,MVP,,legacy;traceability
SCRUM-1022,SCRUM-1022,LEGACY_JIRA,Subtarea,"DOC-19 - documentar las implicaciones regulatorias de EP-07 (pagos, escrow, audit log inmutable), para registrar la decisión pendiente antes de comprometer el alcance",Investigar requisitos regulatorios sobre pagos y escrow,Búsqueda sobre normativa colombiana relacionada con custodia de dinero de terceros (escrow) — si aplica regulación financiera especial para plataformas que retienen pagos temporalmente.,Medium,,Done,To Do,HEREDA_VALIDAR_CIERRE,Documentación,MANI-Docs,Subtarea histórica de SCRUM-948. Revisar contra los documentos consolidados actuales y cerrar/superseder sin rehacer contenido ya cubierto.,MVP,,legacy;traceability
SCRUM-1021,SCRUM-1021,LEGACY_JIRA,Subtarea,US-03.1.3 - Aliado declara categorías que atiende,Pruebas unitarias (backend y frontend),Pruebas unitarias de backend (lógica de guardado/consulta de categorías) y de frontend (comportamiento del selector de categorías).,Medium,,To Do,To Do,HEREDA_CONTINUAR,RF-11,Core Node / Availability Node,Subtarea histórica de SCRUM-859. Completar asociación aliado-categoría.,MVP,,legacy;traceability
SCRUM-1020,SCRUM-1020,LEGACY_JIRA,Subtarea,US-03.1.3 - Aliado declara categorías que atiende,Frontend: integración con el backend,"Conectar la pantalla con los endpoints: cargar categorías al abrir, guardar cambios al confirmar.",Medium,,To Do,To Do,HEREDA_CONTINUAR,RF-11,Core Node / Availability Node,Subtarea histórica de SCRUM-859. Completar asociación aliado-categoría.,MVP,,legacy;traceability
SCRUM-1019,SCRUM-1019,LEGACY_JIRA,Subtarea,US-03.1.3 - Aliado declara categorías que atiende,Frontend: UI de selección de categorías en el perfil,"Vista en el perfil del aliado con selección múltiple (checkboxes o chips) mostrando las categorías disponibles, con las ya seleccionadas marcadas.",Medium,,To Do,To Do,HEREDA_CONTINUAR,RF-11,Core Node / Availability Node,Subtarea histórica de SCRUM-859. Completar asociación aliado-categoría.,MVP,,legacy;traceability
SCRUM-1018,SCRUM-1018,LEGACY_JIRA,Subtarea,US-03.1.3 - Aliado declara categorías que atiende,Backend: endpoint para guardar categorías seleccionadas por el aliado,Endpoint que reciba las categorías seleccionadas por el aliado y las guarde (crear/actualizar/eliminar según corresponda) en la tabla intermedia.,Medium,,In Review,To Do,HEREDA_CONTINUAR,RF-11,Core Node / Availability Node,Subtarea histórica de SCRUM-859. Completar asociación aliado-categoría.,MVP,,legacy;traceability
SCRUM-1017,SCRUM-1017,LEGACY_JIRA,Subtarea,US-03.1.3 - Aliado declara categorías que atiende,Backend: endpoint para listar categorías disponibles del tenant,"Endpoint que devuelva la lista de categorías configuradas por el tenant, para que el aliado pueda elegir entre ellas en su perfil.",Medium,,To Do,To Do,HEREDA_CONTINUAR,RF-11,Core Node / Availability Node,Subtarea histórica de SCRUM-859. Completar asociación aliado-categoría.,MVP,,legacy;traceability
SCRUM-1016,SCRUM-1016,LEGACY_JIRA,Subtarea,US-03.1.3 - Aliado declara categorías que atiende,Diseñar modelo de datos (relación aliado-categoría),"Definir la relación entre Aliado y Categoría (tabla intermedia tipo aliado_categoria, ya que un aliado puede atender varias categorías). Verificar que respete el tenant_id.",Medium,,To Do,To Do,HEREDA_CONTINUAR,RF-11,Core Node / Availability Node,Subtarea histórica de SCRUM-859. Completar asociación aliado-categoría.,MVP,,legacy;traceability
SCRUM-1015,SCRUM-1015,LEGACY_JIRA,Subtarea,"CFG-01 - configurar las tablas y el esquema en Supabase (CARRYOVER Sprint 1, SCRUM-726), para tener el esquema desplegado en DEV y desbloquear el resto del sprint",Crear dockerfile para el esquema DEVS,,Medium,,Done,Done,HEREDA_PRESERVAR_Y_APROVECHAR,Enabler previo,DevOps/Infra,"Subtarea histórica de SCRUM-918. Conservar evidencia. Si dependía del stack anterior, la adaptación se captura en MIG-xx, no reabriendo la tarea.",MVP,,legacy;traceability
SCRUM-1014,SCRUM-1014,LEGACY_JIRA,Subtarea,"CFG-01 - configurar las tablas y el esquema en Supabase (CARRYOVER Sprint 1, SCRUM-726), para tener el esquema desplegado en DEV y desbloquear el resto del sprint",Subir esquema PROD,,Medium,,Done,Done,HEREDA_PRESERVAR_Y_APROVECHAR,Enabler previo,DevOps/Infra,"Subtarea histórica de SCRUM-918. Conservar evidencia. Si dependía del stack anterior, la adaptación se captura en MIG-xx, no reabriendo la tarea.",MVP,,legacy;traceability
SCRUM-1013,SCRUM-1013,LEGACY_JIRA,Subtarea,"CFG-01 - configurar las tablas y el esquema en Supabase (CARRYOVER Sprint 1, SCRUM-726), para tener el esquema desplegado en DEV y desbloquear el resto del sprint",Subir esquema QA,,Medium,,Done,Done,HEREDA_PRESERVAR_Y_APROVECHAR,Enabler previo,DevOps/Infra,"Subtarea histórica de SCRUM-918. Conservar evidencia. Si dependía del stack anterior, la adaptación se captura en MIG-xx, no reabriendo la tarea.",MVP,,legacy;traceability
SCRUM-1012,SCRUM-1012,LEGACY_JIRA,Subtarea,DOC-23 - hacer un video de socializacion de politicas de devops (Gitflow ambientes),Subir video a Youtube,,Medium,,To Do,To Do,HEREDA_PRESERVAR_HISTORICO,Documentación vigente/histórica,MANI-Docs,Subtarea histórica de SCRUM-951. No reabrir; conservar evidencia y trazabilidad.,Histórico / conservar,,legacy;traceability
SCRUM-1011,SCRUM-1011,LEGACY_JIRA,Subtarea,DOC-23 - hacer un video de socializacion de politicas de devops (Gitflow ambientes),Terminar grabación del video,,Medium,,To Do,To Do,HEREDA_PRESERVAR_HISTORICO,Documentación vigente/histórica,MANI-Docs,Subtarea histórica de SCRUM-951. No reabrir; conservar evidencia y trazabilidad.,Histórico / conservar,,legacy;traceability
SCRUM-1010,SCRUM-1010,LEGACY_JIRA,Subtarea,DOC-23 - hacer un video de socializacion de politicas de devops (Gitflow ambientes),Hacer guion del video,,Medium,,Done,Done,HEREDA_PRESERVAR_HISTORICO,Documentación vigente/histórica,MANI-Docs,Subtarea histórica de SCRUM-951. No reabrir; conservar evidencia y trazabilidad.,Histórico / conservar,,legacy;traceability
SCRUM-1009,SCRUM-1009,LEGACY_JIRA,Subtarea,CFG-05 - extender el pipeline GHCR existente a despliegue automático en PROD y QA,crear pipeline de despliegue QA,,Medium,,Done,Done,HEREDA_PRESERVAR_Y_APROVECHAR,Enabler previo,DevOps/Infra,"Subtarea histórica de SCRUM-922. Conservar evidencia. Si dependía del stack anterior, la adaptación se captura en MIG-xx, no reabriendo la tarea.",MVP,,legacy;traceability
SCRUM-1008,SCRUM-1008,LEGACY_JIRA,Subtarea,CFG-05 - extender el pipeline GHCR existente a despliegue automático en PROD y QA,Crear pipeline de despliegue prod,,Medium,,Done,Done,HEREDA_PRESERVAR_Y_APROVECHAR,Enabler previo,DevOps/Infra,"Subtarea histórica de SCRUM-922. Conservar evidencia. Si dependía del stack anterior, la adaptación se captura en MIG-xx, no reabriendo la tarea.",MVP,,legacy;traceability
SCRUM-1007,SCRUM-1007,LEGACY_JIRA,Subtarea,CFG-05 - extender el pipeline GHCR existente a despliegue automático en PROD y QA,Crear pipeline de despliego devs,,Medium,,Done,Done,HEREDA_PRESERVAR_Y_APROVECHAR,Enabler previo,DevOps/Infra,"Subtarea histórica de SCRUM-922. Conservar evidencia. Si dependía del stack anterior, la adaptación se captura en MIG-xx, no reabriendo la tarea.",MVP,,legacy;traceability
SCRUM-1006,SCRUM-1006,LEGACY_JIRA,Subtarea,"CFG-04 - contar con un seed de datos multi-tenant para QA (mínimo 2 tenants), para poder validar el aislamiento entre tenants en la demo",Script de seed — Tenant 2,"Mismo esquema que el Tenant 1, con datos propios (otro tenant_id, otros usuarios/aliados/sitios). Es lo que permite probar aislamiento cruzado, no solo que exista un tenant funcional.",Medium,,Done,Done,HEREDA_PRESERVAR_Y_APROVECHAR,Enabler previo,DevOps/Infra,"Subtarea histórica de SCRUM-921. Conservar evidencia. Si dependía del stack anterior, la adaptación se captura en MIG-xx, no reabriendo la tarea.",MVP,,legacy;traceability
SCRUM-1005,SCRUM-1005,LEGACY_JIRA,Subtarea,"CFG-04 - contar con un seed de datos multi-tenant para QA (mínimo 2 tenants), para poder validar el aislamiento entre tenants en la demo",Script de seed — Tenant 1,"Sembrar tenant, usuario (roles admin_tenant, aliado, cliente), cliente, aliado (estado_verificacion='aprobado'), sitio, categoria_servicio, aliado_categoria y cobertura_aliado para el primer tenant completo.",Medium,,Done,Done,HEREDA_PRESERVAR_Y_APROVECHAR,Enabler previo,DevOps/Infra,"Subtarea histórica de SCRUM-921. Conservar evidencia. Si dependía del stack anterior, la adaptación se captura en MIG-xx, no reabriendo la tarea.",MVP,,legacy;traceability
SCRUM-1004,SCRUM-1004,LEGACY_JIRA,Subtarea,"CFG-04 - contar con un seed de datos multi-tenant para QA (mínimo 2 tenants), para poder validar el aislamiento entre tenants en la demo",Ejecutar en QA y validar aislamiento,Correrlo en QA y confirmar manualmente que un usuario del Tenant 1 no puede leer/listar datos del Tenant 2 (y viceversa) — valida que el seed quedó bien aislado antes de que la suite de Postman/Newman de ADR-0015 dependa de él.,Medium,,Done,Done,HEREDA_PRESERVAR_Y_APROVECHAR,Enabler previo,DevOps/Infra,"Subtarea histórica de SCRUM-921. Conservar evidencia. Si dependía del stack anterior, la adaptación se captura en MIG-xx, no reabriendo la tarea.",MVP,,legacy;traceability
SCRUM-1003,SCRUM-1003,LEGACY_JIRA,Subtarea,"CFG-04 - contar con un seed de datos multi-tenant para QA (mínimo 2 tenants), para poder validar el aislamiento entre tenants en la demo",Hacer el script idempotente,"El script debe poder correrse varias veces sin duplicar filas (usar ON CONFLICT / upsert, o limpiar y recrear de forma controlada). Es el criterio de entregable explícito del ticket.",Medium,,Done,Done,HEREDA_PRESERVAR_Y_APROVECHAR,Enabler previo,DevOps/Infra,"Subtarea histórica de SCRUM-921. Conservar evidencia. Si dependía del stack anterior, la adaptación se captura en MIG-xx, no reabriendo la tarea.",MVP,,legacy;traceability
SCRUM-1002,SCRUM-1002,LEGACY_JIRA,Subtarea,"CFG-04 - contar con un seed de datos multi-tenant para QA (mínimo 2 tenants), para poder validar el aislamiento entre tenants en la demo",Confirmar catálogo de zonas cargado en QA,"zona es tabla global (sin tenant_id, sin RLS) y sitio/cobertura_aliado dependen de ella con FK obligatoria. Si aún no hay zonas cargadas en QA, el seed de los tenants no puede arrancar.",Medium,,Done,Done,HEREDA_PRESERVAR_Y_APROVECHAR,Enabler previo,DevOps/Infra,"Subtarea histórica de SCRUM-921. Conservar evidencia. Si dependía del stack anterior, la adaptación se captura en MIG-xx, no reabriendo la tarea.",MVP,,legacy;traceability
SCRUM-1001,SCRUM-1001,LEGACY_JIRA,Subtarea,"CFG-04 - contar con un seed de datos multi-tenant para QA (mínimo 2 tenants), para poder validar el aislamiento entre tenants en la demo",Definir volumen mínimo por tenant para el seed,"Definir cuántos registros de cada entidad va a llevar cada tenant (usuarios por rol, aliados, clientes, sitios, categorías), alineado con lo mínimo que necesitan la demo (RF-14) y la suite de ADR-0015 (seis casos de acceso cruzado entre tenants).",Medium,,Done,Done,HEREDA_PRESERVAR_Y_APROVECHAR,Enabler previo,DevOps/Infra,"Subtarea histórica de SCRUM-921. Conservar evidencia. Si dependía del stack anterior, la adaptación se captura en MIG-xx, no reabriendo la tarea.",MVP,,legacy;traceability
SCRUM-1000,SCRUM-1000,LEGACY_JIRA,Subtarea,"CFG-02 - provisionar una instancia/proyecto de Supabase por ambiente (o esquema separado, según ADR), para disponer de 3 ambientes accesibles y diferenciados",Configurar archivos de DOCKER para que los DEVS puedan levantar la BD de DEVS local facilemente y probar en loca,,Medium,,Done,Done,HEREDA_PRESERVAR_Y_APROVECHAR,Enabler previo,DevOps/Infra,"Subtarea histórica de SCRUM-919. Conservar evidencia. Si dependía del stack anterior, la adaptación se captura en MIG-xx, no reabriendo la tarea.",MVP,,legacy;traceability
SCRUM-999,SCRUM-999,LEGACY_JIRA,Subtarea,"CFG-02 - provisionar una instancia/proyecto de Supabase por ambiente (o esquema separado, según ADR), para disponer de 3 ambientes accesibles y diferenciados",Configurar ambiente de DEVS,,Medium,,Done,Done,HEREDA_PRESERVAR_Y_APROVECHAR,Enabler previo,DevOps/Infra,"Subtarea histórica de SCRUM-919. Conservar evidencia. Si dependía del stack anterior, la adaptación se captura en MIG-xx, no reabriendo la tarea.",MVP,,legacy;traceability
SCRUM-998,SCRUM-998,LEGACY_JIRA,Subtarea,"CFG-02 - provisionar una instancia/proyecto de Supabase por ambiente (o esquema separado, según ADR), para disponer de 3 ambientes accesibles y diferenciados",Configurar ambiente de QA,,Medium,,Done,Done,HEREDA_PRESERVAR_Y_APROVECHAR,Enabler previo,DevOps/Infra,"Subtarea histórica de SCRUM-919. Conservar evidencia. Si dependía del stack anterior, la adaptación se captura en MIG-xx, no reabriendo la tarea.",MVP,,legacy;traceability
SCRUM-997,SCRUM-997,LEGACY_JIRA,Subtarea,"CFG-02 - provisionar una instancia/proyecto de Supabase por ambiente (o esquema separado, según ADR), para disponer de 3 ambientes accesibles y diferenciados",Configurar ambiente de producción,,Medium,,Done,Done,HEREDA_PRESERVAR_Y_APROVECHAR,Enabler previo,DevOps/Infra,"Subtarea histórica de SCRUM-919. Conservar evidencia. Si dependía del stack anterior, la adaptación se captura en MIG-xx, no reabriendo la tarea.",MVP,,legacy;traceability
SCRUM-996,SCRUM-996,LEGACY_JIRA,Subtarea,"CFG-11 - un pipeline de despliegue a QA con aprobación manual, para tener un control de cambios defendible ante el auditor","ci(release): add staging CI, docker publish and QA artifact workflows",,Medium,,Done,Done,HEREDA_PRESERVAR_Y_APROVECHAR,Enabler previo,DevOps/Infra,"Subtarea histórica de SCRUM-928. Conservar evidencia. Si dependía del stack anterior, la adaptación se captura en MIG-xx, no reabriendo la tarea.",MVP,,legacy;traceability
SCRUM-995,SCRUM-995,LEGACY_JIRA,Subtarea,"CFG-11 - un pipeline de despliegue a QA con aprobación manual, para tener un control de cambios defendible ante el auditor",Verificar flujo de CI en QA,,Medium,,Done,Done,HEREDA_PRESERVAR_Y_APROVECHAR,Enabler previo,DevOps/Infra,"Subtarea histórica de SCRUM-928. Conservar evidencia. Si dependía del stack anterior, la adaptación se captura en MIG-xx, no reabriendo la tarea.",MVP,,legacy;traceability
SCRUM-994,SCRUM-994,LEGACY_JIRA,Subtarea,"CFG-11 - un pipeline de despliegue a QA con aprobación manual, para tener un control de cambios defendible ante el auditor",Verificar dashboard SonarQube,,Medium,,Done,Done,HEREDA_PRESERVAR_Y_APROVECHAR,Enabler previo,DevOps/Infra,"Subtarea histórica de SCRUM-928. Conservar evidencia. Si dependía del stack anterior, la adaptación se captura en MIG-xx, no reabriendo la tarea.",MVP,,legacy;traceability
SCRUM-993,SCRUM-993,LEGACY_JIRA,Subtarea,"CFG-11 - un pipeline de despliegue a QA con aprobación manual, para tener un control de cambios defendible ante el auditor",Implementar SonarQube,,Medium,,Done,Done,HEREDA_PRESERVAR_Y_APROVECHAR,Enabler previo,DevOps/Infra,"Subtarea histórica de SCRUM-928. Conservar evidencia. Si dependía del stack anterior, la adaptación se captura en MIG-xx, no reabriendo la tarea.",MVP,,legacy;traceability
SCRUM-992,SCRUM-992,LEGACY_JIRA,Subtarea,"CFG-03 - gestionar los secretos y variables por ambiente con GitHub Environments/Secrets, para que no haya credenciales expuestas en el repositorio",Añadir secreto de SonarQube,,Medium,,Done,Done,HEREDA_PRESERVAR_Y_APROVECHAR,Enabler previo,DevOps/Infra,"Subtarea histórica de SCRUM-920. Conservar evidencia. Si dependía del stack anterior, la adaptación se captura en MIG-xx, no reabriendo la tarea.",MVP,,legacy;traceability
SCRUM-991,SCRUM-991,LEGACY_JIRA,Subtarea,"CFG-08 - un pipeline de despliegue a PROD con aprobación manual, para tener un control de cambios defendible ante el auditor",Verificación de la protección de la rama main,,Medium,,Done,Done,HEREDA_PRESERVAR_Y_APROVECHAR,Enabler previo,DevOps/Infra,"Subtarea histórica de SCRUM-925. Conservar evidencia. Si dependía del stack anterior, la adaptación se captura en MIG-xx, no reabriendo la tarea.",MVP,,legacy;traceability
SCRUM-990,SCRUM-990,LEGACY_JIRA,Subtarea,"CFG-08 - un pipeline de despliegue a PROD con aprobación manual, para tener un control de cambios defendible ante el auditor",Configurar generación automatica de la GHCR para un posterior pull en el ambiente,,Medium,,Done,Done,HEREDA_PRESERVAR_Y_APROVECHAR,Enabler previo,DevOps/Infra,"Subtarea histórica de SCRUM-925. Conservar evidencia. Si dependía del stack anterior, la adaptación se captura en MIG-xx, no reabriendo la tarea.",MVP,,legacy;traceability
SCRUM-989,SCRUM-989,LEGACY_JIRA,Subtarea,"CFG-08 - un pipeline de despliegue a PROD con aprobación manual, para tener un control de cambios defendible ante el auditor","Configurar protección de rama main, solo se puede pushear a ella con un PR",,Medium,,Done,Done,HEREDA_PRESERVAR_Y_APROVECHAR,Enabler previo,DevOps/Infra,"Subtarea histórica de SCRUM-925. Conservar evidencia. Si dependía del stack anterior, la adaptación se captura en MIG-xx, no reabriendo la tarea.",MVP,,legacy;traceability
SCRUM-988,SCRUM-988,LEGACY_JIRA,Subtarea,"CFG-08 - un pipeline de despliegue a PROD con aprobación manual, para tener un control de cambios defendible ante el auditor",Actualizar CI/CD en GitHub Actions en main,,Medium,,Done,Done,HEREDA_PRESERVAR_Y_APROVECHAR,Enabler previo,DevOps/Infra,"Subtarea histórica de SCRUM-925. Conservar evidencia. Si dependía del stack anterior, la adaptación se captura en MIG-xx, no reabriendo la tarea.",MVP,,legacy;traceability
SCRUM-987,SCRUM-987,LEGACY_JIRA,Subtarea,DOC-24 - docuemntar en un infome de  test de los resultados de cada test realizada en el sprint.,Guardar el .MD en /docs/test.,,Medium,,Done,Done,HEREDA_PRESERVAR_HISTORICO,Documentación vigente/histórica,MANI-Docs,Subtarea histórica de SCRUM-953. No reabrir; conservar evidencia y trazabilidad.,Histórico / conservar,,legacy;traceability
SCRUM-986,SCRUM-986,LEGACY_JIRA,Subtarea,DOC-24 - docuemntar en un infome de  test de los resultados de cada test realizada en el sprint.,Redactar informe en Markdown con resultados y hallazgos.,,Medium,,Done,Done,HEREDA_PRESERVAR_HISTORICO,Documentación vigente/histórica,MANI-Docs,Subtarea histórica de SCRUM-953. No reabrir; conservar evidencia y trazabilidad.,Histórico / conservar,,legacy;traceability
CFG-06,SCRUM-985,LEGACY_JIRA,Subtarea,DOC-24 - docuemntar en un infome de  test de los resultados de cada test realizada en el sprint.,"Recopilar resultados de pruebas del sprint (unitarias/integración de CFG-06, concurrencia de CFG-09).",,Medium,,Done,Done,HEREDA_PRESERVAR_HISTORICO,Documentación vigente/histórica,MANI-Docs,Subtarea histórica de SCRUM-953. No reabrir; conservar evidencia y trazabilidad.,Histórico / conservar,,legacy;traceability
SCRUM-984,SCRUM-984,LEGACY_JIRA,Subtarea,DOC-16 - documentar en un infome de  PoC de los resultados de cada Poc realizada en el sprint.,Redactar en Markdown y guardar en docs/PoC.,,Medium,,Done,Done,HEREDA_PRESERVAR_HISTORICO,Documentación vigente/histórica,MANI-Docs,Subtarea histórica de SCRUM-952. No reabrir; conservar evidencia y trazabilidad.,Histórico / conservar,,legacy;traceability
SCRUM-983,SCRUM-983,LEGACY_JIRA,Subtarea,DOC-16 - documentar en un infome de  PoC de los resultados de cada Poc realizada en el sprint.,Consolidar resultados en formato Inf_PoC-###,,Medium,,Done,Done,HEREDA_PRESERVAR_HISTORICO,Documentación vigente/histórica,MANI-Docs,Subtarea histórica de SCRUM-952. No reabrir; conservar evidencia y trazabilidad.,Histórico / conservar,,legacy;traceability
SCRUM-982,SCRUM-982,LEGACY_JIRA,Subtarea,DOC-16 - documentar en un infome de  PoC de los resultados de cada Poc realizada en el sprint.,Esperar cierre de métricas de las 4 PoCs.,,Medium,,Done,Done,HEREDA_PRESERVAR_HISTORICO,Documentación vigente/histórica,MANI-Docs,Subtarea histórica de SCRUM-952. No reabrir; conservar evidencia y trazabilidad.,Histórico / conservar,,legacy;traceability
SCRUM-981,SCRUM-981,LEGACY_JIRA,Subtarea,"CFG-13 - realizar una PoC de almacenamiento de documentos cargados y URLs firmadas, para verificar el acceso denegado cross-tenant",Documentar resultados en el informe de PoC.,,Medium,,Done,Done,HEREDA_PRESERVAR_Y_APROVECHAR,Enabler previo,DevOps/Infra,"Subtarea histórica de SCRUM-930. Conservar evidencia. Si dependía del stack anterior, la adaptación se captura en MIG-xx, no reabriendo la tarea.",MVP,,legacy;traceability
SCRUM-980,SCRUM-980,LEGACY_JIRA,Subtarea,"CFG-13 - realizar una PoC de almacenamiento de documentos cargados y URLs firmadas, para verificar el acceso denegado cross-tenant",Probar acceso con URL firmada desde otro tenant y confirmar que se deniega.,,Medium,,Done,Done,HEREDA_PRESERVAR_Y_APROVECHAR,Enabler previo,DevOps/Infra,"Subtarea histórica de SCRUM-930. Conservar evidencia. Si dependía del stack anterior, la adaptación se captura en MIG-xx, no reabriendo la tarea.",MVP,,legacy;traceability
SCRUM-979,SCRUM-979,LEGACY_JIRA,Subtarea,"CFG-13 - realizar una PoC de almacenamiento de documentos cargados y URLs firmadas, para verificar el acceso denegado cross-tenant",Medir tiempo de carga.,,Medium,,Done,Done,HEREDA_PRESERVAR_Y_APROVECHAR,Enabler previo,DevOps/Infra,"Subtarea histórica de SCRUM-930. Conservar evidencia. Si dependía del stack anterior, la adaptación se captura en MIG-xx, no reabriendo la tarea.",MVP,,legacy;traceability
SCRUM-978,SCRUM-978,LEGACY_JIRA,Subtarea,"CFG-13 - realizar una PoC de almacenamiento de documentos cargados y URLs firmadas, para verificar el acceso denegado cross-tenant",Implementar carga de documentos KYC y generación de URL firmada con expiración.,,Medium,,Done,Done,HEREDA_PRESERVAR_Y_APROVECHAR,Enabler previo,DevOps/Infra,"Subtarea histórica de SCRUM-930. Conservar evidencia. Si dependía del stack anterior, la adaptación se captura en MIG-xx, no reabriendo la tarea.",MVP,,legacy;traceability
SCRUM-977,SCRUM-977,LEGACY_JIRA,Subtarea,"CFG-13 - realizar una PoC de almacenamiento de documentos cargados y URLs firmadas, para verificar el acceso denegado cross-tenant",Configurar bucket con políticas RLS por tenant.,,Medium,,Done,Done,HEREDA_PRESERVAR_Y_APROVECHAR,Enabler previo,DevOps/Infra,"Subtarea histórica de SCRUM-930. Conservar evidencia. Si dependía del stack anterior, la adaptación se captura en MIG-xx, no reabriendo la tarea.",MVP,,legacy;traceability
SCRUM-976,SCRUM-976,LEGACY_JIRA,Subtarea,"CFG-12 - realizar una PoC de identidad y propagación de claims de tenant en Supabase Auth, para asegurar la propagación correcta de tenant y rol en el 100% de los casos",Redactar informe con % de propagación correcta y tiempos.,,Medium,,Done,Done,HEREDA_PRESERVAR_Y_APROVECHAR,Enabler previo,DevOps/Infra,"Subtarea histórica de SCRUM-929. Conservar evidencia. Si dependía del stack anterior, la adaptación se captura en MIG-xx, no reabriendo la tarea.",MVP,,legacy;traceability
SCRUM-975,SCRUM-975,LEGACY_JIRA,Subtarea,"CFG-12 - realizar una PoC de identidad y propagación de claims de tenant en Supabase Auth, para asegurar la propagación correcta de tenant y rol en el 100% de los casos",Prueba cruzada: confirmar que un token de un tenant no accede a datos de otro (RNF-01).,,Medium,,Done,Done,HEREDA_PRESERVAR_Y_APROVECHAR,Enabler previo,DevOps/Infra,"Subtarea histórica de SCRUM-929. Conservar evidencia. Si dependía del stack anterior, la adaptación se captura en MIG-xx, no reabriendo la tarea.",MVP,,legacy;traceability
SCRUM-974,SCRUM-974,LEGACY_JIRA,Subtarea,"CFG-12 - realizar una PoC de identidad y propagación de claims de tenant en Supabase Auth, para asegurar la propagación correcta de tenant y rol en el 100% de los casos",Medir el tiempo de validación por petición.,,Medium,,Done,Done,HEREDA_PRESERVAR_Y_APROVECHAR,Enabler previo,DevOps/Infra,"Subtarea histórica de SCRUM-929. Conservar evidencia. Si dependía del stack anterior, la adaptación se captura en MIG-xx, no reabriendo la tarea.",MVP,,legacy;traceability
SCRUM-973,SCRUM-973,LEGACY_JIRA,Subtarea,"CFG-12 - realizar una PoC de identidad y propagación de claims de tenant en Supabase Auth, para asegurar la propagación correcta de tenant y rol en el 100% de los casos","Probar casos borde: usuario sin tenant, múltiples roles, tenant inexistente.",,Medium,,Done,Done,HEREDA_PRESERVAR_Y_APROVECHAR,Enabler previo,DevOps/Infra,"Subtarea histórica de SCRUM-929. Conservar evidencia. Si dependía del stack anterior, la adaptación se captura en MIG-xx, no reabriendo la tarea.",MVP,,legacy;traceability
SCRUM-972,SCRUM-972,LEGACY_JIRA,Subtarea,"CFG-12 - realizar una PoC de identidad y propagación de claims de tenant en Supabase Auth, para asegurar la propagación correcta de tenant y rol en el 100% de los casos",Probar el login y verificar que el JWT propaga tenant_id y rol correctamente.,,Medium,,Done,Done,HEREDA_PRESERVAR_Y_APROVECHAR,Enabler previo,DevOps/Infra,"Subtarea histórica de SCRUM-929. Conservar evidencia. Si dependía del stack anterior, la adaptación se captura en MIG-xx, no reabriendo la tarea.",MVP,,legacy;traceability
SCRUM-971,SCRUM-971,LEGACY_JIRA,Subtarea,"CFG-12 - realizar una PoC de identidad y propagación de claims de tenant en Supabase Auth, para asegurar la propagación correcta de tenant y rol en el 100% de los casos","Configurar custom claims (tenant_id, rol) en Supabase Auth.",,Medium,,Done,Done,HEREDA_PRESERVAR_Y_APROVECHAR,Enabler previo,DevOps/Infra,"Subtarea histórica de SCRUM-929. Conservar evidencia. Si dependía del stack anterior, la adaptación se captura en MIG-xx, no reabriendo la tarea.",MVP,,legacy;traceability
SP-02.1.1,SCRUM-970,LEGACY_JIRA,Subtarea,"CFG-10 - realizar una PoC de cobertura geográfica (PostGIS vs bounding box vs geohash), para seleccionar la alternativa con mejor latencia p95",Redactar informe comparativo con recomendación (alimenta SP-02.1.1),,Medium,,Done,Done,HEREDA_PRESERVAR_Y_APROVECHAR,Enabler previo,DevOps/Infra,"Subtarea histórica de SCRUM-927. Conservar evidencia. Si dependía del stack anterior, la adaptación se captura en MIG-xx, no reabriendo la tarea.",MVP,,legacy;traceability
SCRUM-969,SCRUM-969,LEGACY_JIRA,Subtarea,"CFG-10 - realizar una PoC de cobertura geográfica (PostGIS vs bounding box vs geohash), para seleccionar la alternativa con mejor latencia p95",Medir latencia p95 de cada alternativa con el mismo volumen.,,Medium,,Done,Done,HEREDA_PRESERVAR_Y_APROVECHAR,Enabler previo,DevOps/Infra,"Subtarea histórica de SCRUM-927. Conservar evidencia. Si dependía del stack anterior, la adaptación se captura en MIG-xx, no reabriendo la tarea.",MVP,,legacy;traceability
SCRUM-968,SCRUM-968,LEGACY_JIRA,Subtarea,"CFG-10 - realizar una PoC de cobertura geográfica (PostGIS vs bounding box vs geohash), para seleccionar la alternativa con mejor latencia p95",Implementar la misma consulta con geohash.,,Medium,,Done,Done,HEREDA_PRESERVAR_Y_APROVECHAR,Enabler previo,DevOps/Infra,"Subtarea histórica de SCRUM-927. Conservar evidencia. Si dependía del stack anterior, la adaptación se captura en MIG-xx, no reabriendo la tarea.",MVP,,legacy;traceability
SCRUM-967,SCRUM-967,LEGACY_JIRA,Subtarea,"CFG-10 - realizar una PoC de cobertura geográfica (PostGIS vs bounding box vs geohash), para seleccionar la alternativa con mejor latencia p95",Implementar la misma consulta con bounding box.,,Medium,,Done,Done,HEREDA_PRESERVAR_Y_APROVECHAR,Enabler previo,DevOps/Infra,"Subtarea histórica de SCRUM-927. Conservar evidencia. Si dependía del stack anterior, la adaptación se captura en MIG-xx, no reabriendo la tarea.",MVP,,legacy;traceability
SCRUM-966,SCRUM-966,LEGACY_JIRA,Subtarea,"CFG-10 - realizar una PoC de cobertura geográfica (PostGIS vs bounding box vs geohash), para seleccionar la alternativa con mejor latencia p95","Implementar la consulta ""aliados válidos por cobertura y categoría"" con PostGIS.",,Medium,,Done,Done,HEREDA_PRESERVAR_Y_APROVECHAR,Enabler previo,DevOps/Infra,"Subtarea histórica de SCRUM-927. Conservar evidencia. Si dependía del stack anterior, la adaptación se captura en MIG-xx, no reabriendo la tarea.",MVP,,legacy;traceability
SCRUM-965,SCRUM-965,LEGACY_JIRA,Subtarea,"CFG-10 - realizar una PoC de cobertura geográfica (PostGIS vs bounding box vs geohash), para seleccionar la alternativa con mejor latencia p95",Generar datos sintéticos de aliados/zonas/categorías con el volumen definido.,,Medium,,Done,Done,HEREDA_PRESERVAR_Y_APROVECHAR,Enabler previo,DevOps/Infra,"Subtarea histórica de SCRUM-927. Conservar evidencia. Si dependía del stack anterior, la adaptación se captura en MIG-xx, no reabriendo la tarea.",MVP,,legacy;traceability
SCRUM-964,SCRUM-964,LEGACY_JIRA,Subtarea,"CFG-09 - realizar una PoC de exclusión concurrente en la aceptación de solicitudes, para garantizar que N aceptaciones simultáneas produzcan exactamente 1 éxito",Redactar el informe de PoC con evidencia,,Medium,,Done,Done,HEREDA_PRESERVAR_Y_APROVECHAR,Enabler previo,DevOps/Infra,"Subtarea histórica de SCRUM-926. Conservar evidencia. Si dependía del stack anterior, la adaptación se captura en MIG-xx, no reabriendo la tarea.",MVP,,legacy;traceability
SCRUM-963,SCRUM-963,LEGACY_JIRA,Subtarea,"CFG-09 - realizar una PoC de exclusión concurrente en la aceptación de solicitudes, para garantizar que N aceptaciones simultáneas produzcan exactamente 1 éxito","Validar la métrica: exactamente 1 éxito, 0 dobles asignaciones.",,Medium,,Done,Done,HEREDA_PRESERVAR_Y_APROVECHAR,Enabler previo,DevOps/Infra,"Subtarea histórica de SCRUM-926. Conservar evidencia. Si dependía del stack anterior, la adaptación se captura en MIG-xx, no reabriendo la tarea.",MVP,,legacy;traceability
SCRUM-962,SCRUM-962,LEGACY_JIRA,Subtarea,"CFG-09 - realizar una PoC de exclusión concurrente en la aceptación de solicitudes, para garantizar que N aceptaciones simultáneas produzcan exactamente 1 éxito","Ejecutar el harness y capturar éxitos, fallos y dobles asignaciones.",,Medium,,Done,Done,HEREDA_PRESERVAR_Y_APROVECHAR,Enabler previo,DevOps/Infra,"Subtarea histórica de SCRUM-926. Conservar evidencia. Si dependía del stack anterior, la adaptación se captura en MIG-xx, no reabriendo la tarea.",MVP,,legacy;traceability
SCRUM-961,SCRUM-961,LEGACY_JIRA,Subtarea,"CFG-09 - realizar una PoC de exclusión concurrente en la aceptación de solicitudes, para garantizar que N aceptaciones simultáneas produzcan exactamente 1 éxito",Construir el harness de concurrencia con k6 que dispare N aceptaciones simultáneas sobre la misma solicitud.,,Medium,,Done,Done,HEREDA_PRESERVAR_Y_APROVECHAR,Enabler previo,DevOps/Infra,"Subtarea histórica de SCRUM-926. Conservar evidencia. Si dependía del stack anterior, la adaptación se captura en MIG-xx, no reabriendo la tarea.",MVP,,legacy;traceability
SCRUM-960,SCRUM-960,LEGACY_JIRA,Subtarea,"CFG-09 - realizar una PoC de exclusión concurrente en la aceptación de solicitudes, para garantizar que N aceptaciones simultáneas produzcan exactamente 1 éxito","Implementar el UPDATE condicional en Supabase/Postgres para exclusión mutua, según ADR-0021.",,Medium,,Done,Done,HEREDA_PRESERVAR_Y_APROVECHAR,Enabler previo,DevOps/Infra,"Subtarea histórica de SCRUM-926. Conservar evidencia. Si dependía del stack anterior, la adaptación se captura en MIG-xx, no reabriendo la tarea.",MVP,,legacy;traceability
CFG-04,SCRUM-959,LEGACY_JIRA,Subtarea,"CFG-09 - realizar una PoC de exclusión concurrente en la aceptación de solicitudes, para garantizar que N aceptaciones simultáneas produzcan exactamente 1 éxito","Confirmar que el esquema de solicitud/asignación esté disponible (dependencia de CFG-04, aún no formalizada en Jira)",,Medium,,Done,Done,HEREDA_PRESERVAR_Y_APROVECHAR,Enabler previo,DevOps/Infra,"Subtarea histórica de SCRUM-926. Conservar evidencia. Si dependía del stack anterior, la adaptación se captura en MIG-xx, no reabriendo la tarea.",MVP,,legacy;traceability
SCRUM-958,SCRUM-958,LEGACY_JIRA,Subtarea,"CFG-06 - un job de pruebas automatizadas en el pipeline (unitarias + >=1 de integración), para que el pipeline falle si falla una prueba","Documentar la regla, para luego formalizarla como gobernanza (pendiente según el overview del proyecto).",,Medium,,In Review,To Do,HEREDA_PRESERVAR_Y_APROVECHAR,Enabler previo,DevOps/Infra,"Subtarea histórica de SCRUM-923. Conservar evidencia. Si dependía del stack anterior, la adaptación se captura en MIG-xx, no reabriendo la tarea.",MVP,,legacy;traceability
SCRUM-957,SCRUM-957,LEGACY_JIRA,Subtarea,"CFG-06 - un job de pruebas automatizadas en el pipeline (unitarias + >=1 de integración), para que el pipeline falle si falla una prueba",Verificar el gate forzando una prueba fallida en un PR de prueba y confirmar que bloquea el merge.,,Medium,,Done,Done,HEREDA_PRESERVAR_Y_APROVECHAR,Enabler previo,DevOps/Infra,"Subtarea histórica de SCRUM-923. Conservar evidencia. Si dependía del stack anterior, la adaptación se captura en MIG-xx, no reabriendo la tarea.",MVP,,legacy;traceability
SCRUM-956,SCRUM-956,LEGACY_JIRA,Subtarea,"CFG-06 - un job de pruebas automatizadas en el pipeline (unitarias + >=1 de integración), para que el pipeline falle si falla una prueba",Configurar el pipeline para que falle si cualquier prueba falla.,,Medium,,Done,Done,HEREDA_PRESERVAR_Y_APROVECHAR,Enabler previo,DevOps/Infra,"Subtarea histórica de SCRUM-923. Conservar evidencia. Si dependía del stack anterior, la adaptación se captura en MIG-xx, no reabriendo la tarea.",MVP,,legacy;traceability
SCRUM-955,SCRUM-955,LEGACY_JIRA,Subtarea,"CFG-06 - un job de pruebas automatizadas en el pipeline (unitarias + >=1 de integración), para que el pipeline falle si falla una prueba",Configurar job de pruebas de integración que cubra el flujo de asignación (RF-14).,,Medium,,Done,Done,HEREDA_PRESERVAR_Y_APROVECHAR,Enabler previo,DevOps/Infra,"Subtarea histórica de SCRUM-923. Conservar evidencia. Si dependía del stack anterior, la adaptación se captura en MIG-xx, no reabriendo la tarea.",MVP,,legacy;traceability
SCRUM-954,SCRUM-954,LEGACY_JIRA,Subtarea,"CFG-06 - un job de pruebas automatizadas en el pipeline (unitarias + >=1 de integración), para que el pipeline falle si falla una prueba",Configurar job de pruebas unitarias en GitHub Actions.,,Medium,,Done,Done,HEREDA_PRESERVAR_Y_APROVECHAR,Enabler previo,DevOps/Infra,"Subtarea histórica de SCRUM-923. Conservar evidencia. Si dependía del stack anterior, la adaptación se captura en MIG-xx, no reabriendo la tarea.",MVP,,legacy;traceability
DOC-24,SCRUM-953,LEGACY_JIRA,Tarea,EP-10 - Documentacion de arquitectura y entregables academicos,DOC-24 - docuemntar en un infome de  test de los resultados de cada test realizada en el sprint.,"[DOC-24] Como QA, quiero docuemntar en un infome de  test de los resultados de cada test realizada en el sprint. *Entregable / salida verificable:* Docuemnto en .MD .PDF*Documento destino:* Inf_test-###*Responsable (plan de sprint):* Santiago*Criterio de terminado:* Docuemnto en .MD en carpeta /docs/test y el  .PDF en docs/Entregas/Entrega*Origen:* Sprint 2 Planning - hoja '1. Doc y Arquitectura'*Nota:* ID original en la hoja era DOC-17 (duplicado); renumerado a DOC-24.",Low,3.0,Done,Done,PRESERVAR_HISTORICO,Documentación vigente/histórica,MANI-Docs,No reabrir; conservar evidencia y trazabilidad.,Histórico / conservar,,legacy;traceability
DOC-16,SCRUM-952,LEGACY_JIRA,Tarea,EP-10 - Documentacion de arquitectura y entregables academicos,DOC-16 - documentar en un infome de  PoC de los resultados de cada Poc realizada en el sprint.,"[DOC-16] Como QA, quiero documentar en un infome de  PoC de los resultados de cada Poc realizada en el sprint. *Entregable / salida verificable:* Docuemnto en .MD .PDF*Documento destino:* Inf_PoC-###*Responsable (plan de sprint):* Santiago*Criterio de terminado:* Docuemnto en .MD en carpeta docs/PoC y el  .PDF en docs/Entregas/Entrega*Origen:* Sprint 2 Planning - hoja '1. Doc y Arquitectura'",Low,3.0,Done,Done,PRESERVAR_HISTORICO,Documentación vigente/histórica,MANI-Docs,No reabrir; conservar evidencia y trazabilidad.,Histórico / conservar,,legacy;traceability
DOC-23,SCRUM-951,LEGACY_JIRA,Tarea,EP-10 - Documentacion de arquitectura y entregables academicos,DOC-23 - hacer un video de socializacion de politicas de devops (Gitflow ambientes),"[DOC-23] Como DevOps, quiero hacer un video de socializacion de politicas de devops (Gitflow ambientes)*Entregable / salida verificable:* Video con la socializacion de todas las politicas DevOps*Documento destino:* N/A*Responsable (plan de sprint):* Daniel*Criterio de terminado:* Video eviado al grupo*Origen:* Sprint 2 Planning - hoja '1. Doc y Arquitectura'*Nota:* ID original en la hoja era DOC-15 (duplicado); renumerado a DOC-23.",Highest,3.0,Done,Done,PRESERVAR_HISTORICO,Documentación vigente/histórica,MANI-Docs,No reabrir; conservar evidencia y trazabilidad.,Histórico / conservar,,legacy;traceability
DOC-14,SCRUM-950,LEGACY_JIRA,Tarea,EP-10 - Documentacion de arquitectura y entregables academicos,"DOC-14 - actualizar en el SAD V2 los trade-offs y consolidar los ADR nuevos del Sprint 2, para que cada trade-off cite la evidencia que lo respalda","[DOC-14] Como Arquitecto, quiero actualizar en el SAD V2 los trade-offs y consolidar los ADR nuevos del Sprint 2, para que cada trade-off cite la evidencia que lo respalda.*Entregable / salida verificable:* Sección de trade-offs referenciando mediciones*Documento destino:* SAD V2*Responsable (plan de sprint):* Sara A*Criterio de terminado:* Cada trade-off cita la evidencia que lo respalda.*Origen:* Sprint 2 Planning - hoja '1. Doc y Arquitectura'",Low,3.0,Done,Done,PRESERVAR_HISTORICO,Documentación vigente/histórica,MANI-Docs,No reabrir; conservar evidencia y trazabilidad.,Histórico / conservar,,legacy;traceability
DOC-22,SCRUM-949,LEGACY_JIRA,Tarea,EP-10 - Documentacion de arquitectura y entregables academicos,"DOC-22 - definir la Política de datos (seed, anonimización y política de datos en APP, diferencias ambientes)","[DOC-22] Como Arquitecto, quiero definir la Política de datos (seed, anonimización y política de datos en APP, diferencias ambientes)*Entregable / salida verificable:* Política de datos documentada*Documento destino:* Infraestructura V1*Responsable (plan de sprint):* Nicolas Alvarez*Criterio de terminado:* Define qué datos pueden existir en QA y cómo se generan.*Origen:* Sprint 2 Planning - hoja '1. Doc y Arquitectura'",Low,8.0,Done,Done,PRESERVAR_HISTORICO,Documentación vigente/histórica,MANI-Docs,No reabrir; conservar evidencia y trazabilidad.,Histórico / conservar,,legacy;traceability
DOC-19,SCRUM-948,LEGACY_JIRA,Tarea,EP-10 - Documentacion de arquitectura y entregables academicos,"DOC-19 - documentar las implicaciones regulatorias de EP-07 (pagos, escrow, audit log inmutable), para registrar la decisión pendiente antes de comprometer el alcance","[DOC-19] Como Gestor de proyecto, quiero documentar las implicaciones regulatorias de EP-07 (pagos, escrow, audit log inmutable), para registrar la decisión pendiente antes de comprometer el alcance.*Entregable / salida verificable:* Decisión pendiente registrada ADR*Documento destino:* Riesgo*Responsable (plan de sprint):* Camila*Criterio de terminado:* Requiere definición del cliente antes de comprometer alcance.*Origen:* Sprint 2 Planning - hoja '1. Doc y Arquitectura'",Medium,8.0,In Review,To Do,VALIDAR_CIERRE,Documentación,MANI-Docs,Revisar contra los documentos consolidados actuales y cerrar/superseder sin rehacer contenido ya cubierto.,MVP,,legacy;traceability
DOC-17,SCRUM-947,LEGACY_JIRA,Tarea,EP-10 - Documentacion de arquitectura y entregables academicos,"DOC-17 - estimar los costos de infraestructura por ambiente (DEV/QA/PROD), para tener una defensa económica frente a las empresas competidoras","[DOC-17] Como Gestor de proyecto, quiero estimar los costos de infraestructura por ambiente (DEV/QA/PROD), para tener una defensa económica frente a las empresas competidoras.*Entregable / salida verificable:* Tabla de costos mensuales y proyección*Documento destino:* Infraestructura V1*Responsable (plan de sprint):* Nicolas Leon*Criterio de terminado:* Sin costos no hay defensa económica frente a las empresas competidoras.*Origen:* Sprint 2 Planning - hoja '1. Doc y Arquitectura'",Medium,3.0,Done,Done,PRESERVAR_HISTORICO,Documentación vigente/histórica,MANI-Docs,No reabrir; conservar evidencia y trazabilidad.,Histórico / conservar,,legacy;traceability
DOC-20,SCRUM-945,LEGACY_JIRA,Tarea,EP-10 - Documentacion de arquitectura y entregables academicos,"DOC-20 - definir y publicar la Definición de Terminado (DoD) técnica y la Definición de Listo (DoR) del equipo, para que queden acordadas en el planning y no impuestas","[DOC-20] Como Gestor de proyecto, quiero definir y publicar la Definición de Terminado (DoD) técnica y la Definición de Listo (DoR) del equipo, para que queden acordadas en el planning y no impuestas.*Entregable / salida verificable:* DoD y DoR publicada y acordada, 2 ADR *Documento destino:* Proceso*Responsable (plan de sprint):* Nicolas Leon*Criterio de terminado:* Acordada en el planning, no impuesta por el SM.*Origen:* Sprint 2 Planning - hoja '1. Doc y Arquitectura'",Highest,3.0,Done,Done,PRESERVAR_HISTORICO,Documentación vigente/histórica,MANI-Docs,No reabrir; conservar evidencia y trazabilidad.,Histórico / conservar,,legacy;traceability
DOC-13,SCRUM-944,LEGACY_JIRA,Tarea,EP-10 - Documentacion de arquitectura y entregables academicos,"DOC-13 - elaborar la vista de componentes (C3) solo de los módulos del esqueleto vertical, para modelar únicamente componentes con HU implementada en este sprint","[DOC-13] Como Arquitecto, quiero elaborar la vista de componentes (C3) solo de los módulos del esqueleto vertical, para modelar únicamente componentes con HU implementada en este sprint.*Entregable / salida verificable:* Componentes de: registro, catálogo, solicitud, asignación*Documento destino:* SDD V1*Responsable (plan de sprint):* Alviz*Criterio de terminado:* Solo se modelan componentes con HU implementada en este sprint.*Origen:* Sprint 2 Planning - hoja '1. Doc y Arquitectura'",Medium,3.0,Done,Done,PRESERVAR_HISTORICO,Documentación vigente/histórica,MANI-Docs,No reabrir; conservar evidencia y trazabilidad.,Histórico / conservar,,legacy;traceability
DOC-12,SCRUM-943,LEGACY_JIRA,Tarea,EP-10 - Documentacion de arquitectura y entregables academicos,"DOC-12 - elaborar la vista de contenedores (C2 / vista lógica: Flutter, backend, Supabase, storage, auth), para que cada contenedor referencie el ADR que justifica su existencia","[DOC-12] Como Arquitecto, quiero elaborar la vista de contenedores (C2 / vista lógica: Flutter, backend, Supabase, storage, auth), para que cada contenedor referencie el ADR que justifica su existencia.*Entregable / salida verificable:* Diagrama de contenedores con protocolos y responsabilidades. ADRS*Documento destino:* SDD V1*Responsable (plan de sprint):* Sara A*Criterio de terminado:* Cada contenedor referencia el ADR que justifica su existencia.*Origen:* Sprint 2 Planning - hoja '1. Doc y Arquitectura'",Medium,5.0,Done,Done,PRESERVAR_HISTORICO,Documentación vigente/histórica,MANI-Docs,No reabrir; conservar evidencia y trazabilidad.,Histórico / conservar,,legacy;traceability
DOC-10,SCRUM-941,LEGACY_JIRA,Tarea,EP-10 - Documentacion de arquitectura y entregables academicos,"DOC-10 - documentar la seguridad (autenticación, autorización, aislamiento entre tenants, secretos y cifrado), para demostrar que un tenant no puede leer datos de otro","[DOC-10] Como Arquitecto, quiero documentar la seguridad (autenticación, autorización, aislamiento entre tenants, secretos y cifrado), para demostrar que un tenant no puede leer datos de otro.*Entregable / salida verificable:* Sección de seguridad de la vista física*Documento destino:* Infraestructura V1*Responsable (plan de sprint):* Nicolas Leon*Criterio de terminado:* Incluye demostración de que un tenant no puede leer datos de otro.*Origen:* Sprint 2 Planning - hoja '1. Doc y Arquitectura'",High,3.0,Done,Done,PRESERVAR_HISTORICO,Documentación vigente/histórica,MANI-Docs,No reabrir; conservar evidencia y trazabilidad.,Histórico / conservar,,legacy;traceability
DOC-09,SCRUM-940,LEGACY_JIRA,Tarea,EP-10 - Documentacion de arquitectura y entregables academicos,"DOC-09 - elaborar la vista física con el diagrama vista FISICA (nodos, redes y protocolos), para reflejar el despliegue real en DEV y QA","[DOC-09] Como Arquitecto, quiero elaborar la vista física con el diagrama de despliegue (nodos, redes y protocolos), para reflejar el despliegue real en DEV y QA.*Entregable / salida verificable:* Diagrama de despliegue*Documento destino:* Infraestructura V1 / SDD V1*Responsable (plan de sprint):* Alviz*Criterio de terminado:* Refleja el despliegue real en DEV y QA, no un diseño aspiracional.*Origen:* Sprint 2 Planning - hoja '1. Doc y Arquitectura'",High,5.0,In Progress,To Do,VALIDAR_CIERRE,Documentación,MANI-Docs,Revisar contra los documentos consolidados actuales y cerrar/superseder sin rehacer contenido ya cubierto.,MVP,,legacy;traceability
DOC-08,SCRUM-939,LEGACY_JIRA,Tarea,EP-10 - Documentacion de arquitectura y entregables academicos,"DOC-08 - definir la topología DEV/QA/PROD (qué se comparte, qué se aísla y por qué), para que cada decisión de compartir o aislar sea trazable a un requisito","[DOC-08] Como Arquitecto, quiero definir la topología DEV/QA/PROD (qué se comparte, qué se aísla y por qué), para que cada decisión de compartir o aislar sea trazable a un requisito.*Entregable / salida verificable:* Sección de topología con justificación por ambiente. Spike: contenerizacion aplicacion movil flutter*Documento destino:* Infraestructura V1*Responsable (plan de sprint):* Daniel*Criterio de terminado:* Cada decisión de compartir/aislar tiene una razón trazable a un requisito.*Origen:* Sprint 2 Planning - hoja '1. Doc y Arquitectura'",High,8.0,Done,Done,PRESERVAR_HISTORICO,Documentación vigente/histórica,MANI-Docs,No reabrir; conservar evidencia y trazabilidad.,Histórico / conservar,,legacy;traceability
DOC-07,SCRUM-938,LEGACY_JIRA,Tarea,EP-10 - Documentacion de arquitectura y entregables academicos,"DOC-07 - refinar, estimar y priorizar las 114 HU del backlog (V3), para que ninguna HU quede sin estimación ni criterios de aceptación","[DOC-07] Como Gestor de proyecto, quiero refinar, estimar y priorizar las 114 HU del backlog (V3), para que ninguna HU quede sin estimación ni criterios de aceptación.*Entregable / salida verificable:* Backlog completo estimado y priorizado*Documento destino:* Backlog V3*Responsable (plan de sprint):* Nicolas Leon*Criterio de terminado:* Cero HU sin estimación y sin criterios de aceptación. Hoy las 114 están sin estimar.*Origen:* Sprint 2 Planning - hoja '1. Doc y Arquitectura'",Highest,8.0,Done,Done,PRESERVAR_HISTORICO,Documentación vigente/histórica,MANI-Docs,No reabrir; conservar evidencia y trazabilidad.,Histórico / conservar,,legacy;traceability
DOC-06,SCRUM-937,LEGACY_JIRA,Tarea,EP-10 - Documentacion de arquitectura y entregables academicos,"DOC-06 - convertir en el SRS V3 los RNF cualitativos en RNF con métrica y umbral verificable, para que cada RNF tenga un umbral numérico y método de verificación, escenarios de calidad (METRICAS UMBRALES)","[DOC-06] Como Arquitecto, quiero convertir en el SRS V3 los RNF cualitativos en RNF con métrica y umbral verificable, para que cada RNF tenga un umbral numérico y método de verificación.*Entregable / salida verificable:* Cada RNF con umbral numérico y método de verificación*Documento destino:* SRS V3*Responsable (plan de sprint):* Nicolas Leon*Criterio de terminado:* Ningún RNF con redacción cualitativa tipo 'debe ser rápido'. Ej: '<=300 ms p95 con 500 aliados y 10 tenants'.*Origen:* Sprint 2 Planning - hoja '1. Doc y Arquitectura'",High,5.0,Done,Done,PRESERVAR_HISTORICO,Documentación vigente/histórica,MANI-Docs,No reabrir; conservar evidencia y trazabilidad.,Histórico / conservar,,legacy;traceability
DOC-05,SCRUM-936,LEGACY_JIRA,Tarea,EP-10 - Documentacion de arquitectura y entregables academicos,"DOC-05 - definir en el DD V2 el modelo de datos con la estrategia de aislamiento multi-tenant aplicada, para que el DDL documentado sea el mismo que corre en DEV y QA","[DOC-05] Como Arquitecto, quiero definir en el DD V2 el modelo de datos con la estrategia de aislamiento multi-tenant aplicada, para que el DDL documentado sea el mismo que corre en DEV y QA.*Entregable / salida verificable:* DDL real desplegado, no diagrama teórico*Documento destino:* DD V2*Responsable (plan de sprint):* Sara A*Criterio de terminado:* El DDL del documento es el mismo que corre en DEV y QA.*Origen:* Sprint 2 Planning - hoja '1. Doc y Arquitectura'",Highest,8.0,Done,Done,PRESERVAR_HISTORICO,Documentación vigente/histórica,MANI-Docs,No reabrir; conservar evidencia y trazabilidad.,Histórico / conservar,,legacy;traceability
DOC-04,SCRUM-935,LEGACY_JIRA,Tarea,EP-10 - Documentacion de arquitectura y entregables academicos,"DOC-04 - incorporar en el SAD V2 los resultados MEDIDOS de las PoC a los escenarios de calidad, para que cada escenario tenga una métrica real y no estimada","[DOC-04] Como Arquitecto, quiero incorporar en el SAD V2 los resultados MEDIDOS de las PoC a los escenarios de calidad, para que cada escenario tenga una métrica real y no estimada.*Entregable / salida verificable:* Escenarios de calidad con métrica real, no estimada*Documento destino:* SAD V2*Responsable (plan de sprint):* Sara A*Criterio de terminado:* Cada escenario de calidad tiene un número obtenido de una PoC, con fecha y montaje.*Origen:* Sprint 2 Planning - hoja '1. Doc y Arquitectura'",Low,5.0,Done,Done,PRESERVAR_HISTORICO,Documentación vigente/histórica,MANI-Docs,No reabrir; conservar evidencia y trazabilidad.,Histórico / conservar,,legacy;traceability
DOC-03,SCRUM-934,LEGACY_JIRA,Tarea,EP-10 - Documentacion de arquitectura y entregables academicos,"DOC-03 - construir la matriz de trazabilidad HU <-> RNF <-> ADR <-> Componente <-> PoC, para tener una tabla de trazabilidad completa sin filas vacías","[DOC-03] Como Arquitecto, quiero construir la matriz de trazabilidad HU <-> RNF <-> ADR <-> Componente <-> PoC, para tener una tabla de trazabilidad completa sin filas vacías.*Entregable / salida verificable:* Tabla de trazabilidad completa*Documento destino:* SDD V1*Responsable (plan de sprint):* Alviz*Criterio de terminado:* Ninguna fila con celda vacía. Es la tarea de mayor retorno académico del sprint.*Origen:* Sprint 2 Planning - hoja '1. Doc y Arquitectura'",High,3.0,Done,Done,PRESERVAR_HISTORICO,Documentación vigente/histórica,MANI-Docs,No reabrir; conservar evidencia y trazabilidad.,Histórico / conservar,,legacy;traceability
DOC-02,SCRUM-933,LEGACY_JIRA,Tarea,EP-10 - Documentacion de arquitectura y entregables academicos,"DOC-02 - elaborar la vista de procesos con el diagrama de secuencia de despacho y aceptación concurrente, para mostrar explícitamente el mecanismo que impide la doble asignación","[DOC-02] Como Arquitecto, quiero elaborar la vista de procesos con el diagrama de secuencia de despacho y aceptación concurrente, para mostrar explícitamente el mecanismo que impide la doble asignación.*Entregable / salida verificable:* Diagrama de secuencia que muestre el mecanismo de exclusión mutua*Documento destino:* SDD V1*Responsable (plan de sprint):* Camila*Criterio de terminado:* El diagrama muestra explícitamente cómo se impide la doble asignación.*Origen:* Sprint 2 Planning - hoja '1. Doc y Arquitectura'",Highest,3.0,Done,Done,PRESERVAR_HISTORICO,Documentación vigente/histórica,MANI-Docs,No reabrir; conservar evidencia y trazabilidad.,Histórico / conservar,,legacy;traceability
DOC-01,SCRUM-932,LEGACY_JIRA,Tarea,EP-10 - Documentacion de arquitectura y entregables academicos,"DOC-01 - decidir el framework de modelado (C4 Model vs 4+1) y emitir el ADR de la decisión, para dejar registrados los criterios, alternativas y consecuencias aprobados por el equipo","[DOC-01] Como Arquitecto, quiero decidir el framework de modelado (C4 Model vs 4+1) y emitir el ADR de la decisión, para dejar registrados los criterios, alternativas y consecuencias aprobados por el equipo.*Entregable / salida verificable:* ADR-010 con criterios, alternativas evaluadas y consecuencias*Documento destino:* SDD V1 / SAD V2*Responsable (plan de sprint):* Nicolas Leon*Criterio de terminado:* ADR aprobado por el equipo el Día 1. Nota: la rúbrica del RAE 5 exige coherencia entre 'las cuatro vistas', lo que apunta a 4+1. Verificar con el profesor.*Origen:* Sprint 2 Planning - hoja '1. Doc y Arquitectura'",Medium,2.0,Done,Done,PRESERVAR_HISTORICO,Documentación vigente/histórica,MANI-Docs,No reabrir; conservar evidencia y trazabilidad.,Histórico / conservar,,legacy;traceability
CFG-14,SCRUM-931,LEGACY_JIRA,Tarea,EP-09 - Gestion y configuracion del proyecto,"CFG-14 - una observabilidad mínima con logs centralizados y health check por ambiente, para consultar el estado de DEV y QA durante la demo","[CFG-14] Como DevOps, quiero una observabilidad mínima con logs centralizados y health check por ambiente, para consultar el estado de DEV y QA durante la demo.*Entregable / salida verificable:* Endpoint /health y logs consultables*Tipo:* Observabilidad*Responsable (plan de sprint):* Daniel*Criterio de terminado / metrica:* Health check verde consultable en DEV y QA durante la demo.*Origen:* Sprint 2 Planning - hoja '2. DevOps y QA'",Low,2.0,Done,Done,PRESERVAR_Y_APROVECHAR,Enabler previo,DevOps/Infra,"Conservar evidencia. Si dependía del stack anterior, la adaptación se captura en MIG-xx, no reabriendo la tarea.",MVP,,legacy;traceability
CFG-13,SCRUM-930,LEGACY_JIRA,Tarea,EP-09 - Gestion y configuracion del proyecto,"CFG-13 - realizar una PoC de almacenamiento de documentos cargados y URLs firmadas, para verificar el acceso denegado cross-tenant","[CFG-13] Como QA, quiero realizar una PoC de almacenamiento de documentos cargados y URLs firmadas, para verificar el acceso denegado cross-tenant.*Entregable / salida verificable:* Informe de PoC*Tipo:* PoC*Responsable (plan de sprint):* Santiago*Criterio de terminado / metrica:* MÉTRICA: tiempo de carga y verificación de acceso denegado cross-tenant.*Origen:* Sprint 2 Planning - hoja '2. DevOps y QA'",Medium,5.0,Done,Done,PRESERVAR_Y_APROVECHAR,Enabler previo,DevOps/Infra,"Conservar evidencia. Si dependía del stack anterior, la adaptación se captura en MIG-xx, no reabriendo la tarea.",MVP,,legacy;traceability
CFG-12,SCRUM-929,LEGACY_JIRA,Tarea,EP-09 - Gestion y configuracion del proyecto,"CFG-12 - realizar una PoC de identidad y propagación de claims de tenant en Supabase Auth, para asegurar la propagación correcta de tenant y rol en el 100% de los casos","[CFG-12] Como QA, quiero realizar una PoC de identidad y propagación de claims de tenant en Supabase Auth, para asegurar la propagación correcta de tenant y rol en el 100% de los casos.*Entregable / salida verificable:* Informe de PoC*Tipo:* PoC*Responsable (plan de sprint):* Santiago*Criterio de terminado / metrica:* MÉTRICA: propagación correcta de tenant y rol en el 100% de los casos; tiempo de validación.*Origen:* Sprint 2 Planning - hoja '2. DevOps y QA'",Medium,5.0,Done,Done,PRESERVAR_Y_APROVECHAR,Enabler previo,DevOps/Infra,"Conservar evidencia. Si dependía del stack anterior, la adaptación se captura en MIG-xx, no reabriendo la tarea.",MVP,,legacy;traceability
CFG-11,SCRUM-928,LEGACY_JIRA,Tarea,EP-09 - Gestion y configuracion del proyecto,"CFG-11 - un pipeline de despliegue a QA con aprobación manual, para tener un control de cambios defendible ante el auditor","[CFG-11] Como DevOps, quiero un pipeline de despliegue a QA con aprobación manual, para tener un control de cambios defendible ante el auditor.*Entregable / salida verificable:* Workflow con environment protection y aprobador. Push a rama ""test"" desde"" devs"" -> despliegue automático en QA (AMBIENTES CONFIGURADOS EN MV JAVERIANA)*Tipo:* CI/CD*Responsable (plan de sprint):* Daniel*Criterio de terminado / metrica:* La aprobación manual es argumento defendible de control de cambios ante el auditor.*Origen:* Sprint 2 Planning - hoja '2. DevOps y QA'",Medium,5.0,Done,Done,PRESERVAR_Y_APROVECHAR,Enabler previo,DevOps/Infra,"Conservar evidencia. Si dependía del stack anterior, la adaptación se captura en MIG-xx, no reabriendo la tarea.",MVP,,legacy;traceability
CFG-10,SCRUM-927,LEGACY_JIRA,Tarea,EP-09 - Gestion y configuracion del proyecto,"CFG-10 - realizar una PoC de cobertura geográfica (PostGIS vs bounding box vs geohash), para seleccionar la alternativa con mejor latencia p95","[CFG-10] Como DevOps, quiero realizar una PoC de cobertura geográfica (PostGIS vs bounding box vs geohash), para seleccionar la alternativa con mejor latencia p95.*Entregable / salida verificable:* Informe con comparativa y volumen sintético*Tipo:* PoC + Benchmark*Responsable (plan de sprint):* Santiago*Criterio de terminado / metrica:* MÉTRICA: latencia p95 de 'aliados válidos por cobertura y categoría' con volumen definido.*Origen:* Sprint 2 Planning - hoja '2. DevOps y QA'",High,3.0,Done,Done,PRESERVAR_Y_APROVECHAR,Enabler previo,DevOps/Infra,"Conservar evidencia. Si dependía del stack anterior, la adaptación se captura en MIG-xx, no reabriendo la tarea.",MVP,,legacy;traceability
CFG-09,SCRUM-926,LEGACY_JIRA,Tarea,EP-09 - Gestion y configuracion del proyecto,"CFG-09 - realizar una PoC de exclusión concurrente en la aceptación de solicitudes, para garantizar que N aceptaciones simultáneas produzcan exactamente 1 éxito","[CFG-09] Como QA, quiero realizar una PoC de exclusión concurrente en la aceptación de solicitudes, para garantizar que N aceptaciones simultáneas produzcan exactamente 1 éxito.*Entregable / salida verificable:* Prueba de concurrencia con N peticiones simultáneas. Informe de PoC*Tipo:* PoC*Responsable (plan de sprint):* Santiago*Criterio de terminado / metrica:* MÉTRICA: N aceptaciones simultáneas -> exactamente 1 éxito, 0 dobles asignaciones. Es la PoC que decide la credibilidad técnica del equipo.*Origen:* Sprint 2 Planning - hoja '2. DevOps y QA'",Highest,8.0,Done,Done,PRESERVAR_Y_APROVECHAR,Enabler previo,DevOps/Infra,"Conservar evidencia. Si dependía del stack anterior, la adaptación se captura en MIG-xx, no reabriendo la tarea.",MVP,,legacy;traceability
CFG-08,SCRUM-925,LEGACY_JIRA,Tarea,EP-09 - Gestion y configuracion del proyecto,"CFG-08 - un pipeline de despliegue a PROD con aprobación manual, para tener un control de cambios defendible ante el auditor","[CFG-08] Como DevOps, quiero un pipeline de despliegue a PROD con aprobación manual, para tener un control de cambios defendible ante el auditor.*Entregable / salida verificable:* Workflow con environment protection y aprobador. Push a rama ""main"" desde ""test""-> despliegue automático en DEV (AMBIENTES CONFIGURADOS EN MV JAVERIANA)*Tipo:* N/A*Responsable (plan de sprint):* Daniel*Criterio de terminado / metrica:* Despliegue automático verificado end-to-end al menos 3 veces.*Origen:* Sprint 2 Planning - hoja '2. DevOps y QA'",High,5.0,Done,Done,PRESERVAR_Y_APROVECHAR,Enabler previo,DevOps/Infra,"Conservar evidencia. Si dependía del stack anterior, la adaptación se captura en MIG-xx, no reabriendo la tarea.",MVP,,legacy;traceability
CFG-07,SCRUM-924,LEGACY_JIRA,Tarea,EP-09 - Gestion y configuracion del proyecto,"CFG-07 - una diseñar estrategia de migraciones de BD versionadas y ejecutadas por el pipeline, para mantener DEV y QA sincronizados","[CFG-07] Como DevOps, quiero una diseñar estrategia de migraciones de BD versionadas y ejecutadas por el pipeline, para mantener DEV y QA sincronizados.*Entregable / salida verificable:* Migraciones versionadas en repositorio*Tipo:* CI/CD*Responsable (plan de sprint):* Daniel*Criterio de terminado / metrica:* Se subestima siempre. Sin esto, DEV y QA divergen en la semana 10 y se pierden 2 días.*Origen:* Sprint 2 Planning - hoja '2. DevOps y QA'",Highest,3.0,Done,Done,PRESERVAR_Y_APROVECHAR,Enabler previo,DevOps/Infra,"Conservar evidencia. Si dependía del stack anterior, la adaptación se captura en MIG-xx, no reabriendo la tarea.",MVP,,legacy;traceability
CFG-06,SCRUM-923,LEGACY_JIRA,Tarea,EP-09 - Gestion y configuracion del proyecto,"CFG-06 - un job de pruebas automatizadas en el pipeline (unitarias + >=1 de integración), para que el pipeline falle si falla una prueba","[CFG-06] Como QA, quiero un job de pruebas automatizadas en el pipeline (unitarias + >=1 de integración), para que el pipeline falle si falla una prueba.*Entregable / salida verificable:* Pipeline falla si falla una prueba*Tipo:* QA*Responsable (plan de sprint):* Santiago*Criterio de terminado / metrica:* Al menos una prueba de integración que cubra el flujo de asignación.*Origen:* Sprint 2 Planning - hoja '2. DevOps y QA'",Highest,5.0,Done,Done,PRESERVAR_Y_APROVECHAR,Enabler previo,DevOps/Infra,"Conservar evidencia. Si dependía del stack anterior, la adaptación se captura en MIG-xx, no reabriendo la tarea.",MVP,,legacy;traceability
CFG-05,SCRUM-922,LEGACY_JIRA,Tarea,EP-09 - Gestion y configuracion del proyecto,CFG-05 - extender el pipeline GHCR existente a despliegue automático en PROD y QA,"[CFG-05] Como DevOps, quiero extender el pipeline GHCR existente a despliegue automático en DEV.*Entregable / salida verificable:* Push a ramas ""main"" (prod) desde ""release"" -> despliegue automático en release y en QA (AMBIENTES CONFIGURADOS EN MV JAVERIANA)*Tipo:* CI/CD, calidad y observabilidad*Responsable (plan de sprint):* Daniel*Criterio de terminado / metrica:* Despliegue automático verificado end-to-end al menos 3 veces.*Origen:* Sprint 2 Planning - hoja '2. DevOps y QA'",High,5.0,Done,Done,PRESERVAR_Y_APROVECHAR,Enabler previo,DevOps/Infra,"Conservar evidencia. Si dependía del stack anterior, la adaptación se captura en MIG-xx, no reabriendo la tarea.",MVP,,legacy;traceability
CFG-04,SCRUM-921,LEGACY_JIRA,Tarea,EP-09 - Gestion y configuracion del proyecto,"CFG-04 - contar con un seed de datos multi-tenant para QA (mínimo 2 tenants), para poder validar el aislamiento entre tenants en la demo","[CFG-04] Como QA, quiero contar con un seed de datos multi-tenant para QA (mínimo 2 tenants), para poder validar el aislamiento entre tenants en la demo.*Entregable / salida verificable:* Script de seed idempotente ejecutado en QA*Tipo:* Datos QA*Responsable (plan de sprint):* Alviz*Criterio de terminado / metrica:* CRÍTICO PARA LA DEMO: sin 2 tenants no se puede demostrar aislamiento. Error clásico.*Origen:* Sprint 2 Planning - hoja '2. DevOps y QA'",High,5.0,Done,Done,PRESERVAR_Y_APROVECHAR,Enabler previo,DevOps/Infra,"Conservar evidencia. Si dependía del stack anterior, la adaptación se captura en MIG-xx, no reabriendo la tarea.",MVP,,legacy;traceability
CFG-03,SCRUM-920,LEGACY_JIRA,Tarea,EP-09 - Gestion y configuracion del proyecto,"CFG-03 - gestionar los secretos y variables por ambiente con GitHub Environments/Secrets, para que no haya credenciales expuestas en el repositorio","[CFG-03] Como DevOps, quiero gestionar los secretos y variables por ambiente con GitHub Environments/Secrets, para que no haya credenciales expuestas en el repositorio.*Entregable / salida verificable:* Cero secretos en el repositorio*Tipo:* Seguridad*Responsable (plan de sprint):* Daniel*Criterio de terminado / metrica:* Escaneo del repo sin credenciales expuestas.*Origen:* Sprint 2 Planning - hoja '2. DevOps y QA'",Medium,3.0,Done,Done,PRESERVAR_Y_APROVECHAR,Enabler previo,DevOps/Infra,"Conservar evidencia. Si dependía del stack anterior, la adaptación se captura en MIG-xx, no reabriendo la tarea.",MVP,,legacy;traceability
CFG-02,SCRUM-919,LEGACY_JIRA,Tarea,EP-09 - Gestion y configuracion del proyecto,"CFG-02 - provisionar una instancia/proyecto de Supabase por ambiente (o esquema separado, según ADR), para disponer de 3 ambientes accesibles y diferenciados","[CFG-02] Como DevOps, quiero provisionar una instancia/proyecto de Supabase por ambiente (o esquema separado, según ADR), para disponer de 3 ambientes accesibles y diferenciados.*Entregable / salida verificable:* 3 ambientes accesibles y diferenciados*Tipo:* Configuracion Ambientes*Responsable (plan de sprint):* Daniel*Criterio de terminado / metrica:* DEV y QA operativos; PROD al menos provisionado.*Origen:* Sprint 2 Planning - hoja '2. DevOps y QA'",Highest,5.0,Done,Done,PRESERVAR_Y_APROVECHAR,Enabler previo,DevOps/Infra,"Conservar evidencia. Si dependía del stack anterior, la adaptación se captura en MIG-xx, no reabriendo la tarea.",MVP,,legacy;traceability
CFG-01,SCRUM-918,LEGACY_JIRA,Tarea,EP-09 - Gestion y configuracion del proyecto,"CFG-01 - configurar las tablas y el esquema en Supabase (CARRYOVER Sprint 1, SCRUM-726), para tener el esquema desplegado en DEV y desbloquear el resto del sprint","[CFG-01] Como DevOps, quiero configurar las tablas y el esquema en Supabase (CARRYOVER Sprint 1, SCRUM-726), para tener el esquema desplegado en DEV y desbloquear el resto del sprint.*Entregable / salida verificable:* Esquema desplegado en DEV*Tipo:* Desbloqueo*Responsable (plan de sprint):* Daniel*Criterio de terminado / metrica:* RIESGO R-01: hoy está Unassigned y bloquea TODO el sprint. Asignar el Día 1.*Origen:* Sprint 2 Planning - hoja '2. DevOps y QA'",Highest,8.0,Done,Done,PRESERVAR_Y_APROVECHAR,Enabler previo,DevOps/Infra,"Conservar evidencia. Si dependía del stack anterior, la adaptación se captura en MIG-xx, no reabriendo la tarea.",MVP,,legacy;traceability
US-08.3.2,SCRUM-901,LEGACY_JIRA,Historia,,US-08.3.2 - Administrar estado de tenants,"**Como** Superadministrador de la Plataforma, **quiero** poder suspender o bloquear a un Tenant entero (empresa), **para** detener su operación si no han pagado la suscripción del software.",High,8.0,To Do,Backlog,POSTERGAR_INCREMENTO_2,RF-28,Core Node,Segundo incremento.,Incremento 2,,legacy;traceability
US-08.3.1,SCRUM-900,LEGACY_JIRA,Historia,,US-08.3.1 - Métricas operativas por tenant,"**Como** Administrador del Tenant, **quiero** un Dashboard estadístico (Servicios completados, Ingresos mensuales, Aliados activos), **para** analizar la salud y el crecimiento de mi franquicia.",High,2.0,To Do,Backlog,POSTERGAR_INCREMENTO_2,RF-28,Core Node + DW/BI,Segundo incremento.,Incremento 2,,legacy;traceability
US-08.2.2,SCRUM-899,LEGACY_JIRA,Historia,,US-08.2.2 - Registrar campañas y ver desempeño,"**Como** Administrador del Tenant, **quiero** crear códigos de descuento (Campañas) y ver cuántos usuarios los canjearon, **para** medir el retorno de inversión (ROI) de mis esfuerzos de marketing.",High,5.0,To Do,To Do,REESPECIFICAR_INCREMENTO_2,RF-27,Core Node,Campañas pueden vivir dentro de la consola si PO las ratifica.,Incremento 2,,legacy;traceability
US-08.2.1,SCRUM-898,LEGACY_JIRA,Historia,,US-08.2.1 - Publicar contenido en redes conectadas,"**Como** Administrador del Tenant (Marketing), **quiero** conectar mis redes sociales para publicar promociones masivas, **para** atraer nuevos clientes a la plataforma.",Medium,8.0,To Do,To Do,REESPECIFICAR_INCREMENTO_2,RF-27,Core Node,"RF-27 exige consola de comercialización/publicación; redes conectadas son una posible función, no obligación actual.",Incremento 2,,legacy;traceability
US-08.1.3,SCRUM-897,LEGACY_JIRA,Historia,,US-08.1.3 - Resolución de disputa financiera,"**Como** Administrador del Tenant (Finanzas/Soporte), **quiero** poder emitir un fallo sobre una disputa (reembolsar al cliente parcial/totalmente, o pagar al técnico), **para** desbloquear los fondos retenidos en Escrow y cerrar el caso.",High,2.0,To Do,To Do,REESPECIFICAR_INCREMENTO_2,RF-26 + pagos,Core Node + Payment Adapter,Depende de política de disputa y pago.,Incremento 2,,legacy;traceability
US-08.1.2,SCRUM-896,LEGACY_JIRA,Historia,,US-08.1.2 - Tenant gestiona estado de quejas,"**Como** Administrador del Tenant, **quiero** ver una bandeja de Quejas y Reclamos donde pueda cambiar su estado (Abierto, En Revisión, Resuelto), **para** asegurar que ningún cliente se quede sin respuesta legal.",High,8.0,To Do,Backlog,POSTERGAR_INCREMENTO_2,RF-26,Core Node,Segundo incremento.,Incremento 2,,legacy;traceability
US-08.1.1,SCRUM-895,LEGACY_JIRA,Historia,,US-08.1.1 - Cliente registra queja,"**Como** Cliente, **quiero** tener un botón para reportar un problema grave con el servicio (ej. ""El técnico dañó una tubería extra""), **para** exigir una compensación o mediación de la plataforma.",High,3.0,To Do,Backlog,POSTERGAR_INCREMENTO_2,RF-26,Core Node,Segundo incremento.,Incremento 2,,legacy;traceability
US-07.2.2,SCRUM-894,LEGACY_JIRA,Historia,,US-07.2.2 - Aliado consulta detalle de pagos,"**Como** Aliado, **quiero** ver un tablero con el dinero que he ganado esta semana y las comisiones descontadas, **para** tener control total sobre mis finanzas y verificar que me paguen lo correcto.",Highest,2.0,To Do,To Do,BACKLOG_INCREMENTO_2,Complementario RF-25,Core Node,Conservar como vista financiera posterior.,Incremento 2,,legacy;traceability
US-07.2.1,SCRUM-893,LEGACY_JIRA,Historia,,US-07.2.1 - Liquidación al aliado (Comisión configurable),"**Como** Administrador del Tenant, **quiero** que el sistema descuente automáticamente la comisión de la plataforma antes de transferirle el dinero al técnico, **para** garantizar la rentabilidad del negocio sin hacer cálculos manuales.",Medium,8.0,To Do,Backlog,POSTERGAR_INCREMENTO_2,RF-25,Core Node + Payment Adapter,Liquidación descontando comisión configurable.,Incremento 2,,legacy;traceability
US-07.1.5,SCRUM-892,LEGACY_JIRA,Historia,,US-07.1.5 - Liberación automática de fondos,"**Como** Aliado, **quiero** que los fondos retenidos se liberen automáticamente a mi billetera tras 24 horas sin disputas, **para** recibir mi pago justo sin tener que reclamarlo manualmente.",Medium,2.0,To Do,To Do,REESPECIFICAR_INCREMENTO_2,No explícito en SRS,Payments,Liberación automática de escrow depende de decisión no tomada.,Incremento 2,,legacy;traceability
US-07.1.4,SCRUM-891,LEGACY_JIRA,Historia,,US-07.1.4 - Retención de fondos en garantía (Escrow),"**Como** Cliente, **quiero** que mi dinero quede retenido en garantía (Escrow) al aceptar la cotización sin que se le transfiera al aliado de inmediato, **para** estar protegido si el trabajo sale mal.",Medium,3.0,To Do,To Do,REESPECIFICAR_INCREMENTO_2,No explícito en SRS,Payments,Escrow no está comprometido por el SRS; requiere decisión/regulación antes de implementar.,Incremento 2,,legacy;traceability
US-07.1.3,SCRUM-890,LEGACY_JIRA,Historia,,US-07.1.3 - Descargar soporte de pago,"**Como** Cliente, **quiero** descargar un PDF con el recibo de mi pago al finalizar el servicio, **para** llevar mi propia contabilidad o pasarlo como gasto en mi empresa.",Highest,5.0,To Do,To Do,BACKLOG_INCREMENTO_2,Complementario RF-24,Core Node,Conservar como detalle de producto posterior.,Incremento 2,,legacy;traceability
US-07.1.2,SCRUM-889,LEGACY_JIRA,Historia,,US-07.1.2 - Registro de transacciones (Audit Log inmutable),"**Como** Administrador del Tenant, **quiero** que todas las transferencias de dinero queden guardadas en un registro histórico inmodificable, **para** cumplir con auditorías financieras y evitar desfalcos.",Highest,3.0,To Do,Backlog,POSTERGAR_INCREMENTO_2,RNF-04 / RF-24,Core Node,Segundo incremento; auditoría financiera inmutable.,Incremento 2,,legacy;traceability
US-07.1.1,SCRUM-888,LEGACY_JIRA,Historia,,US-07.1.1 - Pago en línea al aceptar cotización,"**Como** Cliente, **quiero** pagar el valor total del servicio con mi tarjeta de crédito o PSE directamente en la plataforma, **para** evitar manejar efectivo con desconocidos.",Highest,8.0,To Do,Backlog,POSTERGAR_INCREMENTO_2,RF-24,Core Node + Payment Adapter,Segundo incremento; operador certificado.,Incremento 2,,legacy;traceability
US-06.1.3,SCRUM-887,LEGACY_JIRA,Historia,,US-06.1.3 - Reporte de cotizaciones fuera de rango,"**Como** Administrador del Tenant, **quiero** descargar un reporte mensual de todas las cotizaciones que se hicieron por encima del precio máximo establecido, **para** identificar posibles fraudes o aliados abusivos.",Medium,3.0,To Do,To Do,REESPECIFICAR,RF-23,Core Node inicialmente / DW después,Reporte por período de cotizaciones fuera de rango; no limitarlo solo a mensual.,MVP,,legacy;traceability
US-06.1.2,SCRUM-886,LEGACY_JIRA,Historia,,US-06.1.2 - Ver tarifa de referencia al cotizar,"**Como** Aliado, **quiero** ver una sugerencia de ""Tarifa Típica"" en pantalla mientras redacto mi cotización, **para** no cobrar menos de lo justo ni espantar al cliente por cobrar demasiado.",Medium,8.0,To Do,To Do,CONTINUAR,RF-22,Core Node + Rules Java,Mostrar tarifario de referencia al cotizar.,MVP,,legacy;traceability
US-06.1.1,SCRUM-885,LEGACY_JIRA,Historia,,US-06.1.1 - Cargar tabla de tarifas por categoría,"**Como** Administrador del Tenant, **quiero** subir un archivo con los precios base y máximos sugeridos para cada servicio, **para** estandarizar los costos en mi plataforma.",High,2.0,To Do,To Do,REESPECIFICAR,RF-22,Core Node,"Gestionar mínimo/típico/máximo por categoría y tenant; carga por archivo puede ser una interfaz, no el requisito.",MVP,,legacy;traceability
US-05.1.4,SCRUM-884,LEGACY_JIRA,Historia,,US-05.1.4 - Notificaciones push del ciclo del servicio,"**Como** Usuario (Cliente o Aliado), **quiero** recibir notificaciones automáticas cuando ocurren eventos clave (ej. ""Cotización recibida"", ""Aliado en camino""), **para** poder reaccionar inmediatamente sin tener la app abierta.",Medium,8.0,To Do,To Do,CONTINUAR,RF-20,Core Node + FCM/APNs,Notificaciones de eventos del ciclo.,MVP,,legacy;traceability
US-05.1.3,SCRUM-883,LEGACY_JIRA,Historia,,US-05.1.3 - Consultar conversación para atender queja,"**Como** Administrador del Tenant (Soporte), **quiero** poder leer el historial del chat entre un Cliente y un Aliado, **para** tener pruebas objetivas en caso de que abran un reclamo legal o PQR.",High,5.0,To Do,To Do,CONTINUAR,RF-21,Core Node,Consulta de conversación para soporte/quejas.,MVP,,legacy;traceability
US-05.1.2,SCRUM-882,LEGACY_JIRA,Historia,,US-05.1.2 - Notificaciones de mensajes nuevos,"**Como** Usuario, **quiero** recibir notificaciones push en mi celular cuando la otra persona me escribe en el chat, **para** no perder tiempo manteniendo la app abierta todo el día.",Medium,8.0,To Do,To Do,CONTINUAR,RF-20,Core Node + FCM/APNs,Fallback push cuando destinatario no está conectado.,MVP,,legacy;traceability
US-05.1.1,SCRUM-881,LEGACY_JIRA,Historia,,US-05.1.1 - Mensajería cliente-aliado por servicio,"**Como** Cliente o Aliado, **quiero** tener un chat interno privado asociado únicamente a la solicitud actual, **para** poder comunicarnos (ej. ""Ya voy en camino"") sin tener que darnos nuestros números de WhatsApp personales.",High,8.0,To Do,To Do,CONTINUAR,RF-20,Core Node + Supabase Realtime,Mensajería por servicio.,MVP,,legacy;traceability
US-04.6.2,SCRUM-880,LEGACY_JIRA,Historia,,US-04.6.2 - Aliado consulta historial de trabajos,"**Como** Aliado, **quiero** ver una lista de mis servicios completados y cancelados históricamente, **para** llevar un control personal de mi rendimiento y ganancias acumuladas.",High,8.0,To Do,To Do,BACKLOG_SECUNDARIO,RNF-04 relacionado,Core Node,"Útil para trazabilidad, pero no RF independiente.",MVP,,legacy;traceability
US-04.6.1,SCRUM-879,LEGACY_JIRA,Historia,,US-04.6.1 - Consultar historial de servicios,"**Como** Cliente, **quiero** ver una lista de todos los servicios que he solicitado con su estado y calificación, **para** volver a contactar al mismo aliado o tener referencia de costos.",Medium,3.0,To Do,To Do,BACKLOG_SECUNDARIO,RNF-04 relacionado,Core Node,"Útil para trazabilidad, pero no RF independiente.",MVP,,legacy;traceability
US-04.5.2,SCRUM-878,LEGACY_JIRA,Historia,,US-04.5.2 - Penalización por cancelación tardía,"**Como** Aliado, **quiero** recibir una compensación económica parcial si el cliente cancela cuando yo ya estoy en camino, **para** que mi tiempo y gasolina no sean una pérdida total.",High,3.0,To Do,Backlog,POSTERGAR,No explícito en MVP / depende pagos,Core Node + Payments,No comprometer en MVP; depende del modelo financiero.,MVP,,legacy;traceability
US-04.5.1,SCRUM-877,LEGACY_JIRA,Historia,,US-04.5.1 - Cancelar solicitud antes de la ejecución,"**Como** Cliente, **quiero** cancelar una solicitud aceptada antes de que el aliado marque inicio de ejecución, **para** no quedar atrapado si surgió un imprevisto personal.",High,8.0,To Do,To Do,BACKLOG_SECUNDARIO,No explícito en SRS,Core Node,Mantener como posible regla futura de ciclo.,MVP,,legacy;traceability
US-04.4.3,SCRUM-876,LEGACY_JIRA,Historia,,US-04.4.3 - Calificación agregada visible en el listado,"**Como** Cliente, **quiero** ver el promedio de estrellas de un Aliado junto a su nombre antes de aceptarlo, **para** tomar una decisión informada basada en su reputación.",High,3.0,To Do,To Do,BACKLOG_SECUNDARIO,RF-13 relacionado,Core Node + Rules Java,"Puede alimentar ranking, pero no es RF independiente.",MVP,,legacy;traceability
US-04.4.2,SCRUM-875,LEGACY_JIRA,Historia,,US-04.4.2 - Aliado califica al cliente,"**Como** Aliado, **quiero** calificar el comportamiento y trato del cliente, **para** proteger a otros técnicos de clientes problemáticos o morosos.",Medium,3.0,To Do,To Do,REESPECIFICAR,RF-19,Core Node,Debe integrarse a calificación bidireccional; cierre bloqueado hasta ambas calificaciones.,MVP,,legacy;traceability
US-04.4.1,SCRUM-874,LEGACY_JIRA,Historia,,US-04.4.1 - Cliente califica al aliado,"**Como** Cliente, **quiero** calificar de 1 a 5 estrellas al aliado al finalizar el trabajo y dejar una reseña, **para** advertir o recomendar a futuros clientes.",High,8.0,To Do,To Do,REESPECIFICAR,RF-19,Core Node,Debe integrarse a calificación bidireccional; cierre bloqueado hasta ambas calificaciones.,MVP,,legacy;traceability
US-04.3.6,SCRUM-873,LEGACY_JIRA,Historia,,US-04.3.6 - Registrar evidencias sin conexión (Offline),"**Como** Aliado, **quiero** que la app guarde mis fotos y notas localmente si estoy sin internet, **para** que se sincronicen automáticamente cuando recupere señal.",High,5.0,To Do,To Do,BACKLOG_SECUNDARIO,No explícito en SRS,Flutter + Core,Offline no está exigido por el SRS actual. Mantener como mejora futura.,MVP,,legacy;traceability
US-04.3.5,SCRUM-872,LEGACY_JIRA,Historia,,US-04.3.5 - Aliado solicita adición por imprevisto,"**Como** Aliado, **quiero** solicitar un cobro adicional si durante la reparación descubro un daño extra, **para** que el cliente apruebe o rechace antes de seguir.",High,8.0,To Do,To Do,BACKLOG_SECUNDARIO,No explícito en SRS,Core Node,"Conservar como posible evolución, no como compromiso del MVP actual.",MVP,,legacy;traceability
US-04.3.4,SCRUM-871,LEGACY_JIRA,Historia,,US-04.3.4 - Cliente rastrea ubicación del aliado en vivo,"**Como** Cliente, **quiero** ver en un mapa en tiempo real por dónde viene el técnico, **para** saber cuánto falta para que llegue.",High,5.0,To Do,To Do,RETIRAR_MVP,Fuera de alcance,—,Geolocalización en tiempo real está explícitamente fuera del MVP.,Retirado MVP,,legacy;traceability
US-04.3.3,SCRUM-870,LEGACY_JIRA,Historia,,US-04.3.3 - Cliente consulta el log del servicio,"**Como** Cliente, **quiero** ver un historial en vivo (Log) de los cambios de estado de mi reparación, **para** tener tranquilidad sobre el avance del trabajo.",Medium,8.0,To Do,To Do,CONTINUAR,RF-18,Core Node,Consulta del historial del servicio basada en eventos registrados.,MVP,,legacy;traceability
US-04.3.2,SCRUM-869,LEGACY_JIRA,Historia,,US-04.3.2 - Registrar eventos durante la ejecución,"**Como** Aliado, **quiero** poder subir fotos o comentarios de imprevistos durante la reparación, **para** tener un respaldo por si el cliente reclama después.",High,8.0,To Do,To Do,CONTINUAR,RF-18,Core Node + Storage,Evidencias/observaciones dentro de la trazabilidad.,MVP,,legacy;traceability
US-04.3.1,SCRUM-868,LEGACY_JIRA,Historia,EP-04A - Ciclo del servicio: solicitud y asignacion,US-04.3.1 - Marcar inicio/fin de ejecución,"**Como** Aliado, **quiero** reportar en la app el momento exacto en que llego a la casa del cliente y cuando termino el trabajo, **para** que el sistema calcule el tiempo de ejecución y cambie el estado del servicio.",High,2.0,To Do,To Do,CONTINUAR,RF-18,Core Node,Registrar eventos cronológicos de ejecución.,MVP,,legacy;traceability
US-04.2.3,SCRUM-867,LEGACY_JIRA,Historia,,US-04.2.3 - Cliente acepta/rechaza/ajusta cotización,"**Como** Cliente, **quiero** tener botones para aceptar, rechazar o devolver la cotización con comentarios (ej. ""Está muy caro""), **para** negociar el precio final antes de que el aliado venga a mi casa.",Medium,8.0,To Do,To Do,CONTINUAR,RF-17,Core Node,"Aceptar, rechazar o solicitar ajuste.",MVP,,legacy;traceability
US-04.2.2,SCRUM-866,LEGACY_JIRA,Historia,,US-04.2.2 - Alerta de tarifa bidireccional,"**Como** Aliado, **quiero** recibir una alerta visual si mi cotización es extremadamente alta o baja comparada con el promedio del mercado, **para** ajustar mi precio antes de enviarla y no perder al cliente.",High,5.0,To Do,To Do,REESPECIFICAR,RF-16,Core Node + Rules Java,"Comparar con mínimo/típico/máximo de tarifario, no con 'promedio del mercado'.",MVP,,legacy;traceability
US-04.2.1,SCRUM-865,LEGACY_JIRA,Historia,,US-04.2.1 - Cotización con mano de obra y materiales separados,"**Como** Aliado, **quiero** enviar una cotización estructurada dividiendo el costo de mi trabajo y el costo de los materiales, **para** que el cliente tenga total transparencia del cobro.",High,8.0,To Do,To Do,CONTINUAR,RF-15,Core Node,Cotización pertenece a Core; separar mano de obra y materiales.,MVP,,legacy;traceability
US-04.1.5,SCRUM-864,LEGACY_JIRA,Historia,,US-04.1.5 - Priorizar por comisión ofrecida,"**Como** Administrador del Tenant, **quiero** que los aliados con mayor comisión aparezcan primero en el listado que ve el cliente, **para** incentivar la rentabilidad de mi franquicia.",Medium,2.0,To Do,To Do,REESPECIFICAR,RF-13,Rules Java + Dispatch .NET,No fijar solo comisión. Debe ser ranking configurable por tenant: cobertura/calificación/comisión u otra regla.,MVP,,legacy;traceability
US-04.1.4,SCRUM-863,LEGACY_JIRA,Historia,EP-04A - Ciclo del servicio: solicitud y asignacion,US-04.1.4 - Aceptar/rechazar solicitud sin doble asignación,"**Como** Aliado, **quiero** aceptar o rechazar una solicitud enviada por un cliente, **para** asegurar el trabajo, garantizando que el sistema bloquee a otros aliados de tomar la misma solicitud al mismo tiempo.",Highest,5.0,Done,Done,PRESERVAR_Y_VALIDAR,RF-14 / RNF-03 / RNF-05,Dispatch .NET + PostgreSQL,Reutilizar PoC/implementación; validar operación atómica e idempotencia en el nuevo servicio .NET.,MVP,,legacy;traceability
US-04.1.3,SCRUM-862,LEGACY_JIRA,Historia,,US-04.1.3 - Filtrar por tipo de aliado,"**Como** Cliente, **quiero** poder filtrar las cotizaciones recibidas para ver solo las de ""Empresas"" o solo las de ""Independientes"", **para** elegir el perfil que más me genere confianza.",High,5.0,To Do,To Do,BACKLOG_SECUNDARIO,No explícito en SRS,Core/Dispatch,Mantener como mejora opcional; no es RF actual.,MVP,,legacy;traceability
US-04.1.2,SCRUM-861,LEGACY_JIRA,Historia,EP-04A - Ciclo del servicio: solicitud y asignacion,US-04.1.2 - Ver aliados válidos por cobertura y categoría,"**Como** Cliente, **quiero** que al publicar mi solicitud la plataforma me muestre solo aliados que cubren mi zona y atienden mi categoría, **para** no perder tiempo contactando técnicos que no pueden venir.",High,5.0,To Do,To Do,CONTINUAR,RF-12,Availability Node + Dispatch .NET,Elegibilidad por categoría y coincidencia exacta de zona; sin proximidad.,MVP,,legacy;traceability
US-04.1.1,SCRUM-860,LEGACY_JIRA,Historia,EP-04A - Ciclo del servicio: solicitud y asignacion,US-04.1.1 - Crear solicitud,"**Como** Cliente, **quiero** publicar una solicitud detallando mi problema locativo (con fotos y descripción), **para** que los aliados disponibles me envíen sus cotizaciones de reparación.",Highest,3.0,Done,Done,PRESERVAR_Y_VALIDAR,RF-12,Core Node + Dispatch .NET,La creación existe; separar creación/core de orquestación de despacho.,MVP,,legacy;traceability
US-03.1.3,SCRUM-859,LEGACY_JIRA,Historia,EP-03 - Catalogo y cobertura,US-03.1.3 - Aliado declara categorías que atiende,"**Como** Aliado, **quiero** seleccionar en mi perfil cuáles de las categorías del Tenant sé hacer, **para** que el sistema solo me envíe notificaciones de trabajos en mi área de experiencia.",Medium,3.0,In Progress,To Do,CONTINUAR,RF-11,Core Node / Availability Node,Completar asociación aliado-categoría.,MVP,,legacy;traceability
US-03.1.2,SCRUM-858,LEGACY_JIRA,Historia,,US-03.1.2 - Desactivar categoría sin afectar en curso,"**Como** Administrador del Tenant, **quiero** ocultar temporalmente una categoría del catálogo público, **para** no recibir más solicitudes de ese tipo sin cancelar los servicios que ya se están ejecutando.",High,8.0,To Do,To Do,CONTINUAR,RF-10,Core Node,No eliminar categorías con operación histórica; activar/desactivar.,MVP,,legacy;traceability
US-03.1.1,SCRUM-857,LEGACY_JIRA,Historia,EP-03 - Catalogo y cobertura,US-03.1.1 - Crear categoría con flujo operativo,"**Como** Administrador del Tenant, **quiero** crear nuevas categorías de servicio (ej. ""Plomería"", ""Cerrajería""), **para** organizar el catálogo que los clientes ven en la aplicación.

Criterios de aceptación (BDD)

Given soy un Administrador de Tenant autenticado (JWT con app_metadata.tenant_id)

When creo una categoría con nombre ""Plomería"", descripción y flujo operativo

Then la categoría queda registrada con mi tenant_id

And aparece ""Activa"" por defecto

And se emite un log JSON estructurado (timestamp, level, service_id, trace_id, tenant_id, message)",Highest,5.0,Done,Done,PRESERVAR_Y_VALIDAR,RF-10,Core Node + Rules Java,La funcionalidad existe; separar gestión de categoría en Core y reglas evaluables en Rules.,MVP,,legacy;traceability
US-02.3.2,SCRUM-856,LEGACY_JIRA,Historia,EP-02 - Directorio de actores,US-02.3.2 - Aceptación de Términos y Condiciones,"**Como** Usuario Nuevo (Cliente o Aliado), **quiero** leer y aceptar los Términos y Condiciones y Política de Datos Personales durante mi registro, **para** que la plataforma cumpla con la ley de Habeas Data (Ley 1581).",Low,8.0,To Do,To Do,BACKLOG_SECUNDARIO,Cumplimiento/legal,Core Node + Flutter,Mantener como requisito complementario; no sustituye un RF del SRS.,MVP,,legacy;traceability
US-02.1.6,SCRUM-855,LEGACY_JIRA,Historia,,US-02.1.6 - Aliado gestiona su disponibilidad,"**Como** Aliado, **quiero** marcarme como 'No disponible' temporalmente, **para** no recibir solicitudes cuando estoy enfermo o de vacaciones.",Medium,3.0,To Do,To Do,CONTINUAR,RF-12 / RNF-07,Availability Node,"Mantener como soporte de elegibilidad/disponibilidad, sin convertirlo en requisito geoespacial.",MVP,,legacy;traceability
US-02.3.1,SCRUM-854,LEGACY_JIRA,Historia,EP-02 - Directorio de actores,US-02.3.1 - Editar perfil propio,"**Como** Usuario (Cliente o Aliado), **quiero** actualizar mis datos personales, foto y dirección, **para** mantener mi información vigente.",Medium,2.0,To Do,To Do,BACKLOG_SECUNDARIO,Soporte de perfil,Core Node,"Útil, pero no es driver principal del SRS actual. Mantener sin desplazar RF críticos.",MVP,,legacy;traceability
US-02.2.3,SCRUM-853,LEGACY_JIRA,Historia,EP-02 - Directorio de actores,US-02.2.3 - Reglas contextuales del sitio visibles al aliado,"**Como** Cliente Corporativo, **quiero** configurar reglas específicas de entrada para mis sedes (ej. ""Traer botas de seguridad""), **para** que el aliado las lea y acepte antes de agendar la visita.",Medium,5.0,To Do,To Do,CONTINUAR,RF-09,Core Node,Las reglas del sitio deben ser visibles antes de programación y el sitio debe tener zona.,MVP,,legacy;traceability
US-02.2.2,SCRUM-852,LEGACY_JIRA,Historia,,US-02.2.2 - Cliente empresa con múltiples sitios,"**Como** Cliente Corporativo, **quiero** registrar múltiples direcciones o sedes bajo mi cuenta, **para** solicitar servicios de mantenimiento en cualquiera de mis sucursales sin crear cuentas repetidas.",Medium,8.0,To Do,To Do,CONTINUAR,RF-08,Core Node,Alinear cliente empresa con múltiples sitios.,MVP,,legacy;traceability
US-02.2.1,SCRUM-851,LEGACY_JIRA,Historia,EP-02 - Directorio de actores,US-02.2.1 - Registro cliente persona natural,"**Como** Usuario Final (Cliente), **quiero** crear una cuenta rápida en la plataforma, **para** poder solicitar mantenimientos locativos para mi hogar.",Highest,3.0,Done,Done,PRESERVAR_Y_VALIDAR,RF-08,Core Node + Supabase Auth,La funcionalidad existe; validar aislamiento tenant y flujo de identidad.,MVP,,legacy;traceability
US-02.1.5,SCRUM-850,LEGACY_JIRA,Historia,,US-02.1.5 - Registrar empleado directo,"**Como** Administrador del Tenant, **quiero** crear cuentas para empleados directos de mi empresa (que no pasan por flujo de aprobación), **para** asignarles servicios de forma inmediata bajo nuestra propia nómina.",Medium,3.0,To Do,To Do,CONTINUAR,RF-05,Core Node,Alinear empleado directo con tipo de aliado permitido por el SRS.,MVP,,legacy;traceability
US-02.1.4,SCRUM-849,LEGACY_JIRA,Historia,EP-02 - Directorio de actores,US-02.1.4 - Declarar zona de cobertura,"**Como** Aliado (Técnico/Empresa), **quiero** delimitar en un mapa las zonas o barrios donde estoy dispuesto a trabajar, **para** recibir únicamente solicitudes de clientes a los que realmente puedo atender.",High,5.0,Done,To Do,REESPECIFICAR_Y_REUTILIZAR,RF-07 / RNF-09 / REST-01,Availability Node,"Conservar trabajo útil, pero reemplazar cualquier selección libre en mapa/radio por catálogo jerárquico de zonas, MVP localidad/comuna.",MVP,,legacy;traceability
US-02.1.3,SCRUM-848,LEGACY_JIRA,Historia,EP-02 - Directorio de actores,US-02.1.3 - Aprobar/rechazar registro de aliado,"**Como** Administrador del Tenant, **quiero** tener una bandeja de verificación para revisar los documentos de los nuevos aliados, **para** aprobar o rechazar su ingreso y garantizar la calidad y seguridad de los técnicos de mi franquicia.",Medium,5.0,Done,Done,PRESERVAR_Y_VALIDAR,RF-06,Core Node,Conservar; validar que documentos de otros aliados nunca sean visibles.,MVP,,legacy;traceability
US-02.1.2,SCRUM-847,LEGACY_JIRA,Historia,EP-02 - Directorio de actores,US-02.1.2 - Registro aliado empresa,"**Como** Empresa de Servicios Locativos, **quiero** registrar mi empresa adjuntando la Cámara de Comercio y datos del representante legal, **para** operar formalmente en la plataforma y recibir solicitudes empresariales.",Medium,3.0,Done,Done,PRESERVAR_Y_VALIDAR,RF-05,Core Node + Supabase Auth/Storage,La funcionalidad existe; validar modelo empresa/representante bajo Core actual.,MVP,,legacy;traceability
US-02.1.1,SCRUM-846,LEGACY_JIRA,Historia,EP-02 - Directorio de actores,US-02.1.1 - Registro aliado persona natural,"**Como** Técnico Independiente (Persona Natural), **quiero** registrarme en la plataforma subiendo mis documentos personales, **para** que el Backoffice valide mi identidad y me permita empezar a ofrecer mis servicios.",Highest,3.0,Done,Done,PRESERVAR_Y_VALIDAR,RF-05,Core Node + Supabase Auth/Storage,La funcionalidad existe; validar/portar al límite Core actual y repetir aislamiento KYC.,MVP,,legacy;traceability
SCRUM-789,SCRUM-789,LEGACY_JIRA,Subtarea, CFG-01.7 - Tarea: Redacción del Documento de Arquitectura (SAD),SAD V1- Arquitetcura de negocio,,Medium,,Done,Done,HEREDA_PRESERVAR_Y_APROVECHAR,Enabler previo,DevOps/Infra,"Subtarea histórica de SCRUM-529. Conservar evidencia. Si dependía del stack anterior, la adaptación se captura en MIG-xx, no reabriendo la tarea.",MVP,,legacy;traceability
SCRUM-788,SCRUM-788,LEGACY_JIRA,Subtarea,CFG-01.6 - Tarea: Configuración de CI/CD y Linters,Build y publicacion de imagen de docker a GHCR (GitHub Container Registry),,Medium,,Done,Done,HEREDA_PRESERVAR_Y_APROVECHAR,Enabler previo,DevOps/Infra,"Subtarea histórica de SCRUM-729. Conservar evidencia. Si dependía del stack anterior, la adaptación se captura en MIG-xx, no reabriendo la tarea.",MVP,,legacy;traceability
SCRUM-787,SCRUM-787,LEGACY_JIRA,Subtarea,CFG-01.6 - Tarea: Configuración de CI/CD y Linters,Realizar configuracion del Github action para la proteccion de la rama main,,Medium,,Done,Done,HEREDA_PRESERVAR_Y_APROVECHAR,Enabler previo,DevOps/Infra,"Subtarea histórica de SCRUM-729. Conservar evidencia. Si dependía del stack anterior, la adaptación se captura en MIG-xx, no reabriendo la tarea.",MVP,,legacy;traceability
SCRUM-730,SCRUM-730,LEGACY_JIRA,Tarea,EP-10 - Documentacion de arquitectura y entregables academicos,DOC-E1-SM - Entregables Sprint 1: Gestion del proceso,"Ahora que todo el esqueleto está conectado, documentar en el SAD (Software Architecture Document) exactamente cómo quedó la infraestructura, qué BD se usa y cómo se comunican las partes.",High,2.0,Done,Done,PRESERVAR_HISTORICO,Documentación vigente/histórica,MANI-Docs,No reabrir; conservar evidencia y trazabilidad.,Histórico / conservar,,legacy;traceability
CFG-01.6,SCRUM-729,LEGACY_JIRA,Tarea,EP-09 - Gestion y configuracion del proyecto,CFG-01.6 - Tarea: Configuración de CI/CD y Linters,"Configurar GitHub Actions para que cada vez que alguien haga un ""Push"", se corran automáticamente los linters y pruebas básicas, evitando que suban código roto a la rama principal.",Medium,3.0,Done,Done,PRESERVAR_Y_APROVECHAR,Enabler previo,DevOps/Infra,"Conservar evidencia. Si dependía del stack anterior, la adaptación se captura en MIG-xx, no reabriendo la tarea.",MVP,,legacy;traceability
CFG-01.5,SCRUM-728,LEGACY_JIRA,Tarea,EP-01 - Plataforma multi-tenant,CFG-01.5 - Tarea: Setup de Autenticación (Supabase Auth),Habilitar el módulo de Autenticación en Supabase. Configurar las llaves (API Keys) tanto en el backend como en el frontend para que la aplicación pueda generar tokens JWT válidos al registrarse.,Highest,3.0,Done,Done,PRESERVAR_Y_APROVECHAR,Enabler previo,DevOps/Infra,"Conservar evidencia. Si dependía del stack anterior, la adaptación se captura en MIG-xx, no reabriendo la tarea.",MVP,,legacy;traceability
CFG-01.4,SCRUM-727,LEGACY_JIRA,Tarea,EP-01 - Plataforma multi-tenant,CFG-01.4 - Tarea: Configuración inicial del Frontend (Flutter),"Crear el proyecto base en Flutter desde cero. Instalar el SDK de Supabase para Flutter (`supabase_flutter`), configurar la estructura de carpetas y validar la conexión haciendo una consulta simple a una tabla de prueba en Supabase.",Highest,3.0,Done,Done,PRESERVAR_Y_APROVECHAR,Enabler previo,DevOps/Infra,"Conservar evidencia. Si dependía del stack anterior, la adaptación se captura en MIG-xx, no reabriendo la tarea.",MVP,,legacy;traceability
CFG-01.2,SCRUM-725,LEGACY_JIRA,Tarea,EP-09 - Gestion y configuracion del proyecto,CFG-01.2 - Tarea: Creación de Base de Datos en Supabase,"Crear la cuenta y el proyecto en Supabase. Desplegar la instancia inicial de PostgreSQL en la nube y obtener las credenciales de conexión (URL, contraseñas).",Highest,3.0,Done,Done,PRESERVAR_Y_APROVECHAR,Enabler previo,DevOps/Infra,"Conservar evidencia. Si dependía del stack anterior, la adaptación se captura en MIG-xx, no reabriendo la tarea.",MVP,,legacy;traceability
CFG-01.1,SCRUM-724,LEGACY_JIRA,Tarea,EP-10 - Documentacion de arquitectura y entregables academicos,CFG-01.1 - Tarea: Inicialización de Repositorios,"Crear los repositorios oficiales en GitHub para Frontend y Backend desde cero. Dar accesos al equipo y configurar las ramas principales (`main`, `dev`).",Highest,3.0,Done,Done,PRESERVAR_HISTORICO,Documentación vigente/histórica,MANI-Docs,No reabrir; conservar evidencia y trazabilidad.,Histórico / conservar,,legacy;traceability
SCRUM-723,SCRUM-723,LEGACY_JIRA,Subtarea,SP-04.1.2 - Exclusion concurrente (condicional),ADR - Exclusion concurrente en la aceptacion (condicional),"CONDICIONAL. Solo aplica si el ADR de estrategia de despacho (SCRUM-702) concluye despacho simultaneo.

Redactar el ADR de control de concurrencia para que aceptaciones simultaneas dejen exactamente una asignacion (RNF-05, bug previsible B-04.1.2 / SCRUM-518).

La numeracion se asigna en la Mesa (ver SCRUM-704).

Si el despacho resulta uno a la vez, esta subtarea y su spike se cierran declarando que la decision no aplica. Esa declaracion tambien se registra: un spike descartado necesita constancia del motivo.",Low,,Done,To Do,HEREDA_REVISAR,,,Subtarea histórica de SCRUM-507. Revisar manualmente; conservar historial.,MVP,,legacy;traceability
SCRUM-721,SCRUM-721,LEGACY_JIRA,Subtarea,SP-03.1.1 - Configurabilidad del flujo por categoria,ADR - Configurabilidad del flujo por categoria,"Redactar el ADR con la decision que produzca este spike y llevarlo a la Mesa de Arquitectura en estado Propuesto.

La numeracion se asigna en la Mesa (ver SCRUM-704).

Decision esperada: hasta donde llega la configurabilidad del flujo por categoria sin caer en un motor de workflow generico. La sobreconfigurabilidad es un riesgo real de sobrearquitectura en este punto.

Criterio de cierre del spike: sin ADR redactado, el spike no se cierra.",High,,Done,To Do,HEREDA_REVISAR,,,Subtarea histórica de SCRUM-509. Revisar manualmente; conservar historial.,MVP,,legacy;traceability
SCRUM-720,SCRUM-720,LEGACY_JIRA,Subtarea,SP-01.1.2 - Resolucion de tenant por peticion,ADR - Resolucion de tenant por peticion,"Redactar el ADR con la decision que produzca este spike y llevarlo a la Mesa de Arquitectura en estado Propuesto.

La numeracion se asigna en la Mesa, no al crear el ADR: hay colision entre el registro del informe de sprint y la tabla del backlog (ver SCRUM-704), y pueden aparecer decisiones adicionales.

Contenido minimo: contexto, drivers, opciones evaluadas, decision, consecuencias, condiciones de revision y trazabilidad.

Criterio de cierre del spike: sin ADR redactado, el spike no se cierra.",High,,Done,To Do,HEREDA_REVISAR,,,Subtarea histórica de SCRUM-505. Revisar manualmente; conservar historial.,MVP,,legacy;traceability
SCRUM-710,SCRUM-710,LEGACY_JIRA,Tarea,EP-10 - Documentacion de arquitectura y entregables academicos,Elaborar mockups de las interfaces principales,"Diseño de las pantallas de alta fidelidad (mockups) para los flujos principales del MVP: portal de Cliente, portal de Aliado y Backoffice administrativo. Este entregable sirve como diseño inicial para el equipo de frontend.",High,2.0,Done,Done,PRESERVAR_HISTORICO,Documentación vigente/histórica,MANI-Docs,No reabrir; conservar evidencia y trazabilidad.,Histórico / conservar,,legacy;traceability
SCRUM-702,SCRUM-702,LEGACY_JIRA,Subtarea,SP-04.1.1 - Estrategia de despacho,ADR - Estrategia de despacho de solicitudes,"Redactar y llevar a la Mesa el ADR de estrategia de despacho de solicitudes (uno a la vez vs. simultaneo).

Habilitado por: SP-04.1.1 (SCRUM-504).
Bloquea: EP-04A; define si aplica SP-04.1.2 (SCRUM-507) y por tanto ADR-0011 (exclusion concurrente).
Relacionado: RNF-05, B-04.1.2 doble asignacion en aceptaciones concurrentes (SCRUM-518).

Nota de proceso: SP-04.1.2 no debe trabajarse hasta que este ADR concluya despacho simultaneo.",Highest,,Done,To Do,HEREDA_REVISAR,,,Subtarea histórica de SCRUM-504. Revisar manualmente; conservar historial.,MVP,,legacy;traceability
SCRUM-701,SCRUM-701,LEGACY_JIRA,Subtarea,SP-02.1.2 - Almacenamiento de documentos,ADR - Almacenamiento de documentos cargados,"Redactar y llevar a la Mesa el ADR sobre donde y como se almacenan los documentos KYC cargados por los aliados.

Habilitado por: SP-02.1.2 (SCRUM-508).
Bloquea: EP-02.
Debe cubrir: aislamiento entre aliados del mismo tenant (bug previsible B-02.1.1, SCRUM-516) y RNF-01.",Medium,,Done,To Do,HEREDA_REVISAR,,,Subtarea histórica de SCRUM-508. Revisar manualmente; conservar historial.,MVP,,legacy;traceability
SCRUM-700,SCRUM-700,LEGACY_JIRA,Subtarea,SP-02.1.1 - Modelo de cobertura,ADR - Modelo de cobertura geografica,"Redactar y llevar a la Mesa el ADR de modelo de cobertura geografica (catalogo de zonas / poligonos / zonas jerarquicas).

Habilitado por: SP-02.1.1 (SCRUM-506).
Origen: REST-01 (cobertura por zonas, no por radio) derivada de C-08; RF-07 y RF-12.
Bloquea: US-02.1.4 (SCRUM-463) y US-04.1.2 (SCRUM-472).
Restriccion de alcance: la decision debe ser implementable con cualquiera de los motores candidatos; si exige capacidad geoespacial, se escala porque cerraria ADR-0006 sin mandato.
Sub-decision a resolver: catalogo de zonas global de plataforma vs. replicado por tenant (impacta RNF-01).

Estado: borrador en estado Propuesto ya elaborado por Sara Albarracin Nino (ejecutora del spike). Aprueba la Mesa.",High,,Done,To Do,HEREDA_REVISAR,,,Subtarea histórica de SCRUM-506. Revisar manualmente; conservar historial.,MVP,,legacy;traceability
SCRUM-699,SCRUM-699,LEGACY_JIRA,Subtarea,SP-01.2.1 - Proveedor de identidad,ADR - Proveedor de identidad y control de acceso,"Redactar y llevar a la Mesa el ADR de proveedor de identidad y control de acceso por tenant y rol.

Habilitado por: SP-01.2.1 (SCRUM-503).
Bloquea: EP-01, EP-02.
Depende de: la decision de persistencia (ADR-0005/0006) si se opta por una solucion acoplada al motor.",Highest,,Done,To Do,HEREDA_REVISAR,,,Subtarea histórica de SCRUM-503. Revisar manualmente; conservar historial.,MVP,,legacy;traceability
SCRUM-698,SCRUM-698,LEGACY_JIRA,Subtarea,SP-01.1.1 - Aislamiento multi-tenant,ADR - Aislamiento multi-tenant y motor de persistencia,"Redactar y llevar a la Mesa el ADR de estrategia de aislamiento multi-tenant (tenant_id / schema / base / RLS) y el motor de persistencia (documental vs relacional).

Habilitado por: SP-01.1.1 (SCRUM-502).
Bloquea: EP-01 completa y toda la persistencia del producto.
Nota: la Mesa debe decidir si ADR-0005 y ADR-0006 se fusionan en una sola decision.
Contradiccion abierta: MongoDB no soporta RLS nativo; elegirlo excluye RLS como mecanismo de aislamiento.",Highest,,Done,To Do,HEREDA_REVISAR,,,Subtarea histórica de SCRUM-502. Revisar manualmente; conservar historial.,MVP,,legacy;traceability
SCRUM-588,SCRUM-588,LEGACY_JIRA,Subtarea,DOC-E1-SM - Entregables Sprint 1: Gestion del proceso,"Documento de Herramientas, Politicas y Lineamientos V2","Actualizar Matriz de Herramientas con decisiones de Sprint 0/1.

Responsable sugerido: Sara Albarracin Nino",High,,Done,Done,HEREDA_PRESERVAR_HISTORICO,Documentación vigente/histórica,MANI-Docs,Subtarea histórica de SCRUM-730. No reabrir; conservar evidencia y trazabilidad.,Histórico / conservar,,legacy;traceability
SCRUM-587,SCRUM-587,LEGACY_JIRA,Subtarea,DOC-E1-SM - Entregables Sprint 1: Gestion del proceso,Presentacion de la entrega (Review Sprint 1),"Preparar y presentar la entrega ante el profesor.

Responsable sugerido: Sara Albarracin Nino",High,,Done,Done,HEREDA_PRESERVAR_HISTORICO,Documentación vigente/histórica,MANI-Docs,Subtarea histórica de SCRUM-730. No reabrir; conservar evidencia y trazabilidad.,Histórico / conservar,,legacy;traceability
SCRUM-586,SCRUM-586,LEGACY_JIRA,Subtarea,DOC-E1-SM - Entregables Sprint 1: Gestion del proceso,Backlog V2,"Actualizar Product Backlog con resultado de Planning Sprint 1.

Responsable sugerido: Santiago",High,,Done,Done,HEREDA_PRESERVAR_HISTORICO,Documentación vigente/histórica,MANI-Docs,Subtarea histórica de SCRUM-730. No reabrir; conservar evidencia y trazabilidad.,Histórico / conservar,,legacy;traceability
SCRUM-585,SCRUM-585,LEGACY_JIRA,Subtarea,DOC-E1-SM - Entregables Sprint 1: Gestion del proceso,SRS V2,"Actualizar SRS con resultados de spikes y ADR de Sprint 0/1.

Responsable sugerido: Santiago",High,,Done,Done,HEREDA_PRESERVAR_HISTORICO,Documentación vigente/histórica,MANI-Docs,Subtarea histórica de SCRUM-730. No reabrir; conservar evidencia y trazabilidad.,Histórico / conservar,,legacy;traceability
SCRUM-584,SCRUM-584,LEGACY_JIRA,Subtarea,DOC-E1-SM - Entregables Sprint 1: Gestion del proceso,SAD V1 ,"Vista de procesos de negocio: solicitud-cotizacion-ejecucion-calificacion-cierre.

Responsable sugerido: Santiago",High,,Done,Done,HEREDA_PRESERVAR_HISTORICO,Documentación vigente/histórica,MANI-Docs,Subtarea histórica de SCRUM-730. No reabrir; conservar evidencia y trazabilidad.,Histórico / conservar,,legacy;traceability
SCRUM-581,SCRUM-581,LEGACY_JIRA,Subtarea,DOC-E1-SM - Entregables Sprint 1: Gestion del proceso,DD V1 - Modelos de datos y contratos,"Modelos de datos y contratos de API iniciales.

Responsable sugerido: Juan Sebastian Alvarez Rodriguez",High,,Done,Done,HEREDA_PRESERVAR_HISTORICO,Documentación vigente/histórica,MANI-Docs,Subtarea histórica de SCRUM-730. No reabrir; conservar evidencia y trazabilidad.,Histórico / conservar,,legacy;traceability
SCRUM-580,SCRUM-580,LEGACY_JIRA,Subtarea, CFG-01.7 - Tarea: Redacción del Documento de Arquitectura (SAD),SAD V1 - Arquitectura de Datos,"Vista de datos: modelo conceptual multi-tenant.

Responsable sugerido: Juan Sebastian Alvarez Rodriguez",High,,Done,Done,HEREDA_PRESERVAR_Y_APROVECHAR,Enabler previo,DevOps/Infra,"Subtarea histórica de SCRUM-529. Conservar evidencia. Si dependía del stack anterior, la adaptación se captura en MIG-xx, no reabriendo la tarea.",MVP,,legacy;traceability
SCRUM-579,SCRUM-579,LEGACY_JIRA,Subtarea, CFG-01.7 - Tarea: Redacción del Documento de Arquitectura (SAD),SAD V1 - Arquitectura de Alto Nivel (HLD),"Vista de alto nivel de los componentes principales del sistema.

Responsable sugerido: Juan Sebastian Alvarez Rodriguez",High,,Done,Done,HEREDA_PRESERVAR_Y_APROVECHAR,Enabler previo,DevOps/Infra,"Subtarea histórica de SCRUM-529. Conservar evidencia. Si dependía del stack anterior, la adaptación se captura en MIG-xx, no reabriendo la tarea.",MVP,,legacy;traceability
SCRUM-578,SCRUM-578,LEGACY_JIRA,Subtarea, CFG-01.7 - Tarea: Redacción del Documento de Arquitectura (SAD),SAD V1 - Trade-offs y ADR consolidados,"Consolidar trade-offs y ADR-0001..0006 (y los que resulten de Sprint 1) en el SAD.

Responsable sugerido: Juan Sebastian Alvarez Rodriguez",High,,Done,Done,HEREDA_PRESERVAR_Y_APROVECHAR,Enabler previo,DevOps/Infra,"Subtarea histórica de SCRUM-529. Conservar evidencia. Si dependía del stack anterior, la adaptación se captura en MIG-xx, no reabriendo la tarea.",MVP,,legacy;traceability
SCRUM-577,SCRUM-577,LEGACY_JIRA,Subtarea, CFG-01.7 - Tarea: Redacción del Documento de Arquitectura (SAD),SAD V1 - Escenarios de calidad,"Redactar escenarios de calidad (estimulo/respuesta/medida) por atributo priorizado.

Responsable sugerido: Juan Sebastian Alvarez Rodriguez",High,,Done,Done,HEREDA_PRESERVAR_Y_APROVECHAR,Enabler previo,DevOps/Infra,"Subtarea histórica de SCRUM-529. Conservar evidencia. Si dependía del stack anterior, la adaptación se captura en MIG-xx, no reabriendo la tarea.",MVP,,legacy;traceability
SCRUM-576,SCRUM-576,LEGACY_JIRA,Subtarea, CFG-01.7 - Tarea: Redacción del Documento de Arquitectura (SAD),SAD V1 - Atributos de calidad,"Documentar atributos de calidad priorizados del sistema.

Responsable sugerido: Juan Sebastian Alvarez Rodriguez",High,,Done,Done,HEREDA_PRESERVAR_Y_APROVECHAR,Enabler previo,DevOps/Infra,"Subtarea histórica de SCRUM-529. Conservar evidencia. Si dependía del stack anterior, la adaptación se captura en MIG-xx, no reabriendo la tarea.",MVP,,legacy;traceability
SCRUM-575,SCRUM-575,LEGACY_JIRA,Subtarea, CFG-01.7 - Tarea: Redacción del Documento de Arquitectura (SAD),SAD V1 - Drivers y Killers arquitectonicos,"Identificar drivers y killers arquitectonicos del diseno de solucion (RNF-01/02/03/05 como candidatos).

Responsable sugerido: Juan Sebastian Alvarez Rodriguez",High,,Done,Done,HEREDA_PRESERVAR_Y_APROVECHAR,Enabler previo,DevOps/Infra,"Subtarea histórica de SCRUM-529. Conservar evidencia. Si dependía del stack anterior, la adaptación se captura en MIG-xx, no reabriendo la tarea.",MVP,,legacy;traceability
SCRUM-562,SCRUM-562,LEGACY_JIRA,Subtarea,CFG-09.1-SM - Configuracion Gestion del proceso (bloque 1),Configurar plantilla y carpeta /docs/adr en GitHub,"Carpeta y plantilla de ADR ya creadas y en uso (ADR-0001, ADR-0003).

Responsable sugerido: Sara Albarracin Nino",High,,Done,Done,HEREDA_PRESERVAR_Y_APROVECHAR,Enabler previo,DevOps/Infra,"Subtarea histórica de SCRUM-520. Conservar evidencia. Si dependía del stack anterior, la adaptación se captura en MIG-xx, no reabriendo la tarea.",MVP,,legacy;traceability
SCRUM-561,SCRUM-561,LEGACY_JIRA,Subtarea,CFG-09.1-SM - Configuracion Gestion del proceso (bloque 1),Configurar estructura documental OneDrive,"Carpetas y permisos para documentacion formal (ADR-0001).

Responsable sugerido: Sara Albarracin Nino",High,,Done,Done,HEREDA_PRESERVAR_Y_APROVECHAR,Enabler previo,DevOps/Infra,"Subtarea histórica de SCRUM-520. Conservar evidencia. Si dependía del stack anterior, la adaptación se captura en MIG-xx, no reabriendo la tarea.",MVP,,legacy;traceability
SCRUM-560,SCRUM-560,LEGACY_JIRA,Subtarea,CFG-09.1-SM - Configuracion Gestion del proceso (bloque 1),Configurar canales Discord por ceremonia,"Canales #daily, #mesa-arquitectura, #sprint-planning, etc (Gobierno 1.3.1).

Responsable sugerido: Sara Albarracin Nino",High,,Done,Done,HEREDA_PRESERVAR_Y_APROVECHAR,Enabler previo,DevOps/Infra,"Subtarea histórica de SCRUM-520. Conservar evidencia. Si dependía del stack anterior, la adaptación se captura en MIG-xx, no reabriendo la tarea.",MVP,,legacy;traceability
SCRUM-559,SCRUM-559,LEGACY_JIRA,Subtarea,CFG-09.1-SM - Configuracion Gestion del proceso (bloque 1),Configurar proyecto y tablero Jira,"Workflows, campos Clase/Subtipo/Prioridad/RF (ADR-0002).

Responsable sugerido: Sara Albarracin Nino",Highest,,Done,Done,HEREDA_PRESERVAR_Y_APROVECHAR,Enabler previo,DevOps/Infra,"Subtarea histórica de SCRUM-520. Conservar evidencia. Si dependía del stack anterior, la adaptación se captura en MIG-xx, no reabriendo la tarea.",MVP,,legacy;traceability
CFG-01.7,SCRUM-529,LEGACY_JIRA,Tarea,EP-09 - Gestion y configuracion del proyecto, CFG-01.7 - Tarea: Redacción del Documento de Arquitectura (SAD),"Agrupador. Ver subtareas.

Responsable sugerido: Sara Albarracin Nino",High,2.0,Done,Done,PRESERVAR_Y_APROVECHAR,Enabler previo,DevOps/Infra,"Conservar evidencia. Si dependía del stack anterior, la adaptación se captura en MIG-xx, no reabriendo la tarea.",MVP,,legacy;traceability
CFG-09.1,SCRUM-520,LEGACY_JIRA,Tarea,EP-09 - Gestion y configuracion del proyecto,CFG-09.1-SM - Configuracion Gestion del proceso (bloque 1),"Agrupador. Ver subtareas.

Responsable sugerido: Sara Albarracin Nino",High,3.0,Done,Done,PRESERVAR_Y_APROVECHAR,Enabler previo,DevOps/Infra,"Conservar evidencia. Si dependía del stack anterior, la adaptación se captura en MIG-xx, no reabriendo la tarea.",MVP,,legacy;traceability
SP-03.1.1,SCRUM-509,LEGACY_JIRA,Tarea,EP-03 - Catalogo y cobertura,SP-03.1.1 - Configurabilidad del flujo por categoria,"Definir nivel de configuracion del flujo operativo por categoria de servicio.

Responsable sugerido: Daniel Avila Medina",Medium,3.0,Done,To Do,REVISAR,,,Revisar manualmente; conservar historial.,MVP,,legacy;traceability
SP-02.1.2,SCRUM-508,LEGACY_JIRA,Tarea,EP-02 - Directorio de actores,SP-02.1.2 - Almacenamiento de documentos,"Definir donde y como se guardan documentos KYC cargados por aliados.

Responsable sugerido: nicolas leon",Medium,3.0,Done,To Do,REVISAR,,,Revisar manualmente; conservar historial.,MVP,,legacy;traceability
SP-04.1.2,SCRUM-507,LEGACY_JIRA,Tarea,EP-04A - Ciclo del servicio: solicitud y asignacion,SP-04.1.2 - Exclusion concurrente (condicional),"CONDICIONAL - NO INICIAR TODAVIA.

Este spike solo aplica si SP-04.1.1 (SCRUM-504) concluye que el despacho es simultaneo. Mientras esa decision no exista (ADR-0010, SCRUM-702), este trabajo carece de premisa.

Accion pendiente del Scrum Master: devolver esta tarjeta a To Do; hoy figura In Progress sin que su condicion habilitante se haya cumplido.

Alcance si se activa: definir el control de concurrencia para que aceptaciones simultaneas dejen exactamente una asignacion (RNF-05, bug previsible B-04.1.2 / SCRUM-518). Produce ADR-0011.

Responsable sugerido: Juan Sebastian Alvarez Rodriguez.",High,3.0,Done,To Do,REVISAR,,,Revisar manualmente; conservar historial.,MVP,,legacy;traceability
SP-02.1.1,SCRUM-506,LEGACY_JIRA,Tarea,EP-02 - Directorio de actores,SP-02.1.1 - Modelo de cobertura,"Definir como se representa, almacena y consulta la cobertura declarada por el aliado.

Origen: REST-01 (cobertura por zonas, no por radio geografico), derivada de la necesidad C-08 del cliente. Requisitos asociados: RF-07 y RF-12.
Correccion: la descripcion anterior citaba ""RNF-09"", que no existe en el SRS (los RNF llegan hasta RNF-08).

Salida obligatoria: ADR-0008 (SCRUM-700).
Bloquea: US-02.1.4 (SCRUM-463) y US-04.1.2 (SCRUM-472).

Responsable: Sara Albarracin Nino.",High,3.0,Done,To Do,REVISAR,,,Revisar manualmente; conservar historial.,MVP,,legacy;traceability
SP-01.1.2,SCRUM-505,LEGACY_JIRA,Tarea,EP-01 - Plataforma multi-tenant,SP-01.1.2 - Resolucion de tenant por peticion,"Definir como cada peticion identifica su tenant (header, subdominio, token).

Responsable sugerido: Daniel Avila Medina",High,3.0,Done,To Do,REVISAR,,,Revisar manualmente; conservar historial.,MVP,,legacy;traceability
SP-04.1.1,SCRUM-504,LEGACY_JIRA,Tarea,EP-04A - Ciclo del servicio: solicitud y asignacion,SP-04.1.1 - Estrategia de despacho,"Definir si el despacho de solicitudes es uno a la vez o simultaneo (afecta RNF-05).

Responsable sugerido: Juan Sebastian Alvarez Rodriguez",Highest,3.0,Done,To Do,REVISAR,,,Revisar manualmente; conservar historial.,MVP,,legacy;traceability
SP-01.2.1,SCRUM-503,LEGACY_JIRA,Tarea,EP-01 - Plataforma multi-tenant,SP-01.2.1 - Proveedor de identidad,"Definir mecanismo de autenticacion y control de acceso por tenant. Bloquea US-01.2.1.

Responsable sugerido: nicolas leon",Highest,3.0,Done,To Do,REVISAR,,,Revisar manualmente; conservar historial.,MVP,,legacy;traceability
SP-01.1.1,SCRUM-502,LEGACY_JIRA,Tarea,EP-01 - Plataforma multi-tenant,SP-01.1.1 - Aislamiento multi-tenant,"Definir estrategia de aislamiento de datos entre tenants (RNF-01, driver critico). Bloquea US-01.1.1.

Responsable sugerido: Juan Sebastian Alvarez Rodriguez",Highest,3.0,Done,To Do,REVISAR,,,Revisar manualmente; conservar historial.,MVP,,legacy;traceability
SCRUM-453,SCRUM-453,LEGACY_JIRA,Epic,,EP-10 - Documentacion de arquitectura y entregables academicos,"SAD, DD, SDD, documento de infraestructura, documento de pruebas, presentaciones y demas entregables exigidos por el cronograma academico en cada Sprint Review.

Responsable sugerido: Sara Albarracin Nino",Highest,,To Do,To Do,PRESERVAR_HISTORICO,Documentación,MANI-Docs,Documentación actualizada; usar solo para trabajo documental nuevo real.,Histórico / conservar,,legacy;traceability
SCRUM-452,SCRUM-452,LEGACY_JIRA,Epic,,EP-09 - Gestion y configuracion del proyecto,"Configurar herramientas, repositorios, ambientes e infraestructura que el equipo y el producto necesitan para operar; no es funcionalidad de negocio.

Responsable sugerido: Daniel Avila Medina",Highest,,To Do,To Do,ACTUALIZAR_EPICA,Transición técnica,DevOps/Infra,Usar esta épica para MIG-01..MIG-22.,Transición arquitectura,,legacy;traceability
SCRUM-451,SCRUM-451,LEGACY_JIRA,Epic,,EP-08 - Operacion y comercializacion,"2do incremento, fuera de alcance de este corte academico (PROY-02). Quejas, comercializacion y administracion avanzada.

Responsable sugerido: nicolas leon",Low,,To Do,Backlog,POSTERGAR_INCREMENTO_2,RF-24..RF-28,Producto,"Conservar épica, fuera del MVP actual.",Incremento 2,,legacy;traceability
SCRUM-450,SCRUM-450,LEGACY_JIRA,Epic,,EP-07 - Pagos y facturacion,"2do incremento, fuera de alcance de este corte academico (PROY-02). Cobro centralizado y liquidacion al aliado.

Responsable sugerido: nicolas leon",Low,,To Do,Backlog,POSTERGAR_INCREMENTO_2,RF-24..RF-28,Producto,"Conservar épica, fuera del MVP actual.",Incremento 2,,legacy;traceability
SCRUM-449,SCRUM-449,LEGACY_JIRA,Epic,,EP-06 - Tarifario,"Tarifario de referencia por categoria y alerta cuando una cotizacion se sale de rango.

Responsable sugerido: nicolas leon",High,,To Do,To Do,CONTINUAR_EPICA,SRS,Producto,Mantener como agrupador del backlog funcional alineado.,MVP,,legacy;traceability
SCRUM-448,SCRUM-448,LEGACY_JIRA,Epic,,EP-05 - Comunicacion,"Mensajeria y notificaciones asociadas a cada servicio en curso.

Responsable sugerido: nicolas leon",Medium,,To Do,To Do,CONTINUAR_EPICA,SRS,Producto,Mantener como agrupador del backlog funcional alineado.,MVP,,legacy;traceability
SCRUM-447,SCRUM-447,LEGACY_JIRA,Epic,,EP-04D - Ciclo del servicio: calificacion y cierre,"Corazon del producto: solicitud, cotizacion, ejecucion, calificacion y cierre del servicio, sin dobles asignaciones.

Responsable sugerido: nicolas leon",Highest,,To Do,To Do,CONTINUAR_EPICA,SRS,Producto,Mantener como agrupador del backlog funcional alineado.,MVP,,legacy;traceability
SCRUM-446,SCRUM-446,LEGACY_JIRA,Epic,,EP-04C - Ciclo del servicio: ejecucion y trazabilidad,"Corazon del producto: solicitud, cotizacion, ejecucion, calificacion y cierre del servicio, sin dobles asignaciones.

Responsable sugerido: nicolas leon",Highest,,To Do,To Do,CONTINUAR_EPICA,SRS,Producto,Mantener como agrupador del backlog funcional alineado.,MVP,,legacy;traceability
SCRUM-445,SCRUM-445,LEGACY_JIRA,Epic,,EP-04B - Ciclo del servicio: cotizacion,"Corazon del producto: solicitud, cotizacion, ejecucion, calificacion y cierre del servicio, sin dobles asignaciones.

Responsable sugerido: nicolas leon",Highest,,To Do,To Do,CONTINUAR_EPICA,SRS,Producto,Mantener como agrupador del backlog funcional alineado.,MVP,,legacy;traceability
SCRUM-444,SCRUM-444,LEGACY_JIRA,Epic,,EP-04A - Ciclo del servicio: solicitud y asignacion,"Corazon del producto: solicitud, cotizacion, ejecucion, calificacion y cierre del servicio, sin dobles asignaciones.

Responsable sugerido: nicolas leon",Highest,,To Do,To Do,CONTINUAR_EPICA,SRS,Producto,Mantener como agrupador del backlog funcional alineado.,MVP,,legacy;traceability
SCRUM-443,SCRUM-443,LEGACY_JIRA,Epic,,EP-03 - Catalogo y cobertura,"Categorias de servicio configurables por tenant y declaracion de cobertura por zonas del aliado.

Responsable sugerido: nicolas leon",High,,To Do,To Do,CONTINUAR_EPICA,SRS,Producto,Mantener como agrupador del backlog funcional alineado.,MVP,,legacy;traceability
SCRUM-442,SCRUM-442,LEGACY_JIRA,Epic,,EP-02 - Directorio de actores,"Registro diferenciado de aliados (persona natural, empresa, empleado directo) y clientes (persona natural, empresa).

Responsable sugerido: nicolas leon",High,,To Do,To Do,CONTINUAR_EPICA,SRS,Producto,Mantener como agrupador del backlog funcional alineado.,MVP,,legacy;traceability
SCRUM-441,SCRUM-441,LEGACY_JIRA,Epic,,EP-01 - Plataforma multi-tenant,"Multiples empresas (tenants) sobre la misma plataforma, con datos, configuracion y usuarios aislados entre ellas.

Responsable sugerido: nicolas leon",Highest,,To Do,To Do,CONTINUAR_EPICA,SRS,Producto,Mantener como agrupador del backlog funcional alineado.,MVP,,legacy;traceability
HU-N-01,,NEW_SRS_GAP,Historia,EP-01,HU-N-01 - Administrar tenants y su estado base,Crear/administrar tenants con aislamiento estricto. El estado avanzado del tenant se amplía en RF-28.,Highest,5,,To Do,NUEVO_REQUERIDO,RF-01,Core Node,Crear en Jira; cubre un requisito actual que no estaba representado de forma suficiente en el backlog legacy.,MVP,,new;srs-gap
HU-N-02,,NEW_SRS_GAP,Historia,EP-01,HU-N-02 - Configurar reglas operativas por tenant sin despliegue,"Configurar documentos, orden/ranking, categorías, tarifas, tiempos y comisiones como datos.",Highest,8,,To Do,NUEVO_REQUERIDO,RF-02 / RNF-02 / REST-05,Rules Java + Core Node,Crear en Jira; cubre un requisito actual que no estaba representado de forma suficiente en el backlog legacy.,MVP,,new;srs-gap
HU-N-03,,NEW_SRS_GAP,Historia,EP-01,HU-N-03 - Autenticar y autorizar por tenant y rol,"JWT firmado con tenant_id; validación Gateway, servicios y RLS.",Highest,8,,To Do,NUEVO_REQUERIDO,RF-03 / RNF-01,Supabase Auth + Gateway + Services,Crear en Jira; cubre un requisito actual que no estaba representado de forma suficiente en el backlog legacy.,MVP,,new;srs-gap
HU-N-04,,NEW_SRS_GAP,Historia,EP-01,HU-N-04 - Recuperar contraseña de forma segura,Flujo seguro de reset mediante proveedor de identidad.,High,3,,To Do,NUEVO_REQUERIDO,RF-04,Supabase Auth + Core Node,Crear en Jira; cubre un requisito actual que no estaba representado de forma suficiente en el backlog legacy.,MVP,,new;srs-gap
HU-N-05,,NEW_SRS_GAP,Historia,EP-04D,HU-N-05 - Cerrar servicio solo tras calificación bidireccional,No permitir cierre hasta registrar calificación de cliente y aliado.,High,5,,To Do,NUEVO_REQUERIDO,RF-19,Core Node,Crear en Jira; cubre un requisito actual que no estaba representado de forma suficiente en el backlog legacy.,MVP,,new;srs-gap
MIG-01,,NEW_ARCH_DELTA,Tarea,EP-09,MIG-01 - Crear repositorios faltantes del modelo multi-repo,"Crear/normalizar MANI-Gateway, MANI-Rules-Java, MANI-Dispatch-DotNet, MANI-Core-Node, MANI-Availability, MANI-Infra y MANI-Docs; conservar historial de los repos existentes cuando sea posible.",Highest,5,,To Do,NUEVO_DELTA_ARQUITECTURA,ADR-0004 / ADR-0019,DevOps,Crear en Jira. Esta tarea representa la diferencia entre lo ya construido y la arquitectura objetivo vigente.,Transición arquitectura,,migration;architecture-delta
MIG-02,,NEW_ARCH_DELTA,Tarea,EP-09,MIG-02 - Definir contratos OpenAPI entre Gateway y servicios,"Definir contratos mínimos para Rules, Dispatch, Core y Availability; serán base para Newman y ZAP.",Highest,5,,To Do,NUEVO_DELTA_ARQUITECTURA,SAD / ADR-0019,Backend + QA,Crear en Jira. Esta tarea representa la diferencia entre lo ya construido y la arquitectura objetivo vigente.,Transición arquitectura,,migration;architecture-delta
MIG-03,,NEW_ARCH_DELTA,Tarea,EP-09,MIG-03 - Implementar NGINX API Gateway como entrada única,"Routing, CORS, validación inicial JWT, correlation_id y políticas transversales.",Highest,8,,To Do,NUEVO_DELTA_ARQUITECTURA,ADR-0019 / RF-03,DevOps + Backend,Crear en Jira. Esta tarea representa la diferencia entre lo ya construido y la arquitectura objetivo vigente.,Transición arquitectura,,migration;architecture-delta
MIG-04,,NEW_ARCH_DELTA,Tarea,EP-09,MIG-04 - Crear esqueleto Rules Service en Java,Servicio Java para evaluación de reglas por tenant; sin duplicar gestión CRUD que corresponde a Core.,Highest,5,,To Do,NUEVO_DELTA_ARQUITECTURA,PROY-07 / ADR-0019,Backend,Crear en Jira. Esta tarea representa la diferencia entre lo ya construido y la arquitectura objetivo vigente.,Transición arquitectura,,migration;architecture-delta
MIG-05,,NEW_ARCH_DELTA,Tarea,EP-09,MIG-05 - Crear esqueleto Dispatch Service en .NET,"Servicio .NET para despacho, aceptación y exclusión concurrente.",Highest,5,,To Do,NUEVO_DELTA_ARQUITECTURA,PROY-07 / ADR-0016 / ADR-0019,Backend,Crear en Jira. Esta tarea representa la diferencia entre lo ya construido y la arquitectura objetivo vigente.,Transición arquitectura,,migration;architecture-delta
MIG-06,,NEW_ARCH_DELTA,Tarea,EP-09,MIG-06 - Crear esqueleto Core Services en Node.js,"Tenants, usuarios, aliados, clientes, categorías, cotizaciones, ejecución, ratings y comunicación.",Highest,8,,To Do,NUEVO_DELTA_ARQUITECTURA,ADR-0019,Backend,Crear en Jira. Esta tarea representa la diferencia entre lo ya construido y la arquitectura objetivo vigente.,Transición arquitectura,,migration;architecture-delta
MIG-07,,NEW_ARCH_DELTA,Tarea,EP-09,MIG-07 - Crear Availability Service en Node.js,"Cobertura por zonas, disponibilidad y consultas de elegibilidad.",High,5,,To Do,NUEVO_DELTA_ARQUITECTURA,ADR-0011 / ADR-0019,Backend,Crear en Jira. Esta tarea representa la diferencia entre lo ya construido y la arquitectura objetivo vigente.,Transición arquitectura,,migration;architecture-delta
MIG-08,,NEW_ARCH_DELTA,Tarea,EP-09,MIG-08 - Portar y validar registro/KYC ya implementado al Core actual,Reutilizar trabajo existente de registros y aprobación; validar Storage privado y aislamiento por tenant/aliado.,Highest,8,,To Do,NUEVO_DELTA_ARQUITECTURA,RF-05 / RF-06 / ADR-0013,Backend + QA,Crear en Jira. Esta tarea representa la diferencia entre lo ya construido y la arquitectura objetivo vigente.,Transición arquitectura,"MIG-06,MIG-14",migration;architecture-delta
MIG-09,,NEW_ARCH_DELTA,Tarea,EP-09,MIG-09 - Portar categorías y asociación aliado-categoría,Reutilizar US-03.1.1 e integrar US-03.1.3; Core gestiona datos y Rules evalúa reglas.,High,5,,To Do,NUEVO_DELTA_ARQUITECTURA,RF-10 / RF-11,Backend,Crear en Jira. Esta tarea representa la diferencia entre lo ya construido y la arquitectura objetivo vigente.,Transición arquitectura,"MIG-04,MIG-06",migration;architecture-delta
MIG-10,,NEW_ARCH_DELTA,Tarea,EP-09,MIG-10 - Portar creación de solicitud al Core y despacho al servicio .NET,Reutilizar US-04.1.1; separar creación de solicitud de la orquestación de despacho.,Highest,8,,To Do,NUEVO_DELTA_ARQUITECTURA,RF-12,Backend,Crear en Jira. Esta tarea representa la diferencia entre lo ya construido y la arquitectura objetivo vigente.,Transición arquitectura,"MIG-05,MIG-06,MIG-07",migration;architecture-delta
MIG-11,,NEW_ARCH_DELTA,Tarea,EP-09,MIG-11 - Portar aceptación concurrente a Dispatch .NET,"Reutilizar US-04.1.4 y PoC existente; operación atómica, idempotencia y respuesta 409 para aceptación tardía.",Highest,8,,To Do,NUEVO_DELTA_ARQUITECTURA,RF-14 / RNF-03 / RNF-05,Backend + QA,Crear en Jira. Esta tarea representa la diferencia entre lo ya construido y la arquitectura objetivo vigente.,Transición arquitectura,"MIG-05,MIG-14",migration;architecture-delta
MIG-12,,NEW_ARCH_DELTA,Tarea,EP-09,MIG-12 - Ajustar cobertura implementada a catálogo jerárquico de zonas,"Eliminar dependencia de radio/mapa libre; usar coincidencia exacta de zona, MVP localidad/comuna.",Highest,5,,To Do,NUEVO_DELTA_ARQUITECTURA,RF-07 / RNF-09 / REST-01,Backend + Frontend,Crear en Jira. Esta tarea representa la diferencia entre lo ya construido y la arquitectura objetivo vigente.,Transición arquitectura,MIG-07,migration;architecture-delta
MIG-13,,NEW_ARCH_DELTA,Tarea,EP-09,MIG-13 - Aplicar propiedad lógica de datos por dominio,"Mantener PostgreSQL compartido administrado por Supabase, pero prohibir acceso cruzado informal entre dominios.",High,5,,To Do,NUEVO_DELTA_ARQUITECTURA,SAD / SDD,Backend + DB,Crear en Jira. Esta tarea representa la diferencia entre lo ya construido y la arquitectura objetivo vigente.,Transición arquitectura,"MIG-04,MIG-05,MIG-06,MIG-07",migration;architecture-delta
MIG-14,,NEW_ARCH_DELTA,Tarea,EP-09,"MIG-14 - Alinear JWT, Gateway, servicios y RLS",Tenant_id firmado como fuente canónica; ejecutar regresión cross-tenant.,Highest,8,,To Do,NUEVO_DELTA_ARQUITECTURA,RF-03 / RNF-01 / ADR-0018,DevOps + Backend + QA,Crear en Jira. Esta tarea representa la diferencia entre lo ya construido y la arquitectura objetivo vigente.,Transición arquitectura,"MIG-03,MIG-04,MIG-05,MIG-06,MIG-07",migration;architecture-delta
MIG-15,,NEW_ARCH_DELTA,Tarea,EP-09,"MIG-15 - Alinear Supabase DEV, TEST/QA y PROD",Supabase DEV compartido equivalente a QA/PROD; permitir Docker local con el mismo esquema como alternativa no excluyente.,High,5,,To Do,NUEVO_DELTA_ARQUITECTURA,ADR-0012 / Infra,DevOps,Crear en Jira. Esta tarea representa la diferencia entre lo ya construido y la arquitectura objetivo vigente.,Transición arquitectura,,migration;architecture-delta
MIG-16,,NEW_ARCH_DELTA,Tarea,EP-09,MIG-16 - Estandarizar imágenes OCI y publicación multi-repo en GHCR,Cada servicio publica imagen en ghcr.io/trama-as; usar tags/digests trazables.,Highest,5,,To Do,NUEVO_DELTA_ARQUITECTURA,ADR-0004 / Infra,DevOps,Crear en Jira. Esta tarea representa la diferencia entre lo ya construido y la arquitectura objetivo vigente.,Transición arquitectura,MIG-01,migration;architecture-delta
MIG-17,,NEW_ARCH_DELTA,Tarea,EP-09,MIG-17 - Actualizar Docker Compose por ambiente para consumir GHCR,En cada VM: pull desde GHCR y compose por ambiente; variables/secretos externos e imágenes fijadas.,High,5,,To Do,NUEVO_DELTA_ARQUITECTURA,Infra,DevOps,Crear en Jira. Esta tarea representa la diferencia entre lo ya construido y la arquitectura objetivo vigente.,Transición arquitectura,MIG-16,migration;architecture-delta
MIG-18,,NEW_ARCH_DELTA,Tarea,EP-09,MIG-18 - Replicar pipeline CI/CD por repositorio,Lint/test/Sonar/build/scan/GHCR/QA/Newman/ZAP/promoción. No reconstruir para PROD.,Highest,8,,To Do,NUEVO_DELTA_ARQUITECTURA,ADR-0004 / ADR-0005,DevOps + QA,Crear en Jira. Esta tarea representa la diferencia entre lo ya construido y la arquitectura objetivo vigente.,Transición arquitectura,"MIG-01,MIG-16",migration;architecture-delta
MIG-19,,NEW_ARCH_DELTA,Tarea,EP-09,MIG-19 - Extender observabilidad a Gateway y todos los servicios nuevos,"Prometheus, Grafana, Datadog, JSON logs y correlation_id.",High,5,,To Do,NUEVO_DELTA_ARQUITECTURA,ADR-0006,DevOps,Crear en Jira. Esta tarea representa la diferencia entre lo ya construido y la arquitectura objetivo vigente.,Transición arquitectura,"MIG-03,MIG-04,MIG-05,MIG-06,MIG-07",migration;architecture-delta
MIG-20,,NEW_ARCH_DELTA,Spike,EP-09,MIG-20 - Definir hosting y topología concreta de Kubernetes,"Proveedor, nodos, namespaces/clusters, ingress, networking y costo. Kubernetes ya está decidido; falta el cómo.",High,5,,To Do,NUEVO_DELTA_ARQUITECTURA,PROY-08 / Infra,DevOps + Mesa,Crear en Jira. Esta tarea representa la diferencia entre lo ya construido y la arquitectura objetivo vigente.,Transición arquitectura,,migration;architecture-delta
MIG-21,,NEW_ARCH_DELTA,Tarea,EP-09,MIG-21 - Preparar despliegue Kubernetes sin romper Compose actual,Crear manifests/Helm/Kustomize después de MIG-20 usando las mismas imágenes GHCR; Compose permanece como transición.,High,8,,To Do,NUEVO_DELTA_ARQUITECTURA,PROY-08 / ADR-0019,DevOps,Crear en Jira. Esta tarea representa la diferencia entre lo ya construido y la arquitectura objetivo vigente.,Transición arquitectura,"MIG-20,MIG-16",migration;architecture-delta
MIG-22,,NEW_ARCH_DELTA,Tarea,EP-09,MIG-22 - Ejecutar regresión funcional sobre funcionalidades legacy preservadas,"Validar que lo ya marcado Done siga funcionando tras la separación de servicios; no reabrir HUs históricas, registrar defectos como bugs.",Highest,8,,To Do,NUEVO_DELTA_ARQUITECTURA,DoD / QA,QA + Desarrollo,Crear en Jira. Esta tarea representa la diferencia entre lo ya construido y la arquitectura objetivo vigente.,Transición arquitectura,"MIG-08,MIG-09,MIG-10,MIG-11,MIG-12,MIG-14",migration;architecture-delta
